<?xml version="1.0" encoding="UTF-8"?>
<metadata xml:lang="en"><Esri><CreaDate>20130830</CreaDate><CreaTime>22070600</CreaTime><SyncOnce>TRUE</SyncOnce><DataProperties><lineage><Process Name="Create Feature Class" ToolSource="c:\program files (x86)\arcgis\desktop10.1\ArcToolbox\Toolboxes\Data Management Tools.tbx\CreateFeatureclass" Date="20130826" Time="145128">CreateFeatureclass \\Gza-wsus\BSWMGIS\IVA\Shapefile IVA_Soil_Cavite.tif POLYGON \\GZA-WSUS\bswmgis\Reference_Data\Polygon.shp DISABLED DISABLED "GEOGCS['GCS_Luzon_1911',DATUM['D_Luzon_1911',SPHEROID['Clarke_1866',6378206.4,294.9786982]],PRIMEM['Greenwich',0.0],UNIT['Degree',0.0174532925199433],METADATA['Philippines - onshore',116.9,5.0,126.65,19.44,0.0,0.0174532925199433,0.0,3969]];-400 -400 1000000000;-100000 10000;-100000 10000;8.98305509728916E-09;0.001;0.001;IsHighPrecision" # 0 0 0</Process><Process Name="Calculate 'MAPDATE' Field as String" ToolSource="c:\program files (x86)\arcgis\desktop10.1\ArcToolbox\Toolboxes\Data Management Tools.tbx\CalculateField" Date="20130828" Time="135950">CalculateField \\Gza-wsus\bswmgis\IVA\Shapefile\IVA_Soil_Cavite.shp MAPDATE 1970 VB #</Process><Process Name="Calculate Province Name Field" ToolSource="c:\program files (x86)\arcgis\desktop10.1\ArcToolbox\Toolboxes\Data Management Tools.tbx\CalculateField" Date="20130828" Time="135950">CalculateField \\Gza-wsus\bswmgis\IVA\Shapefile\IVA_Soil_Cavite.shp PROVINCE "Cavite" VB #</Process><Process Name="Calculate Map Scale Field" ToolSource="c:\program files (x86)\arcgis\desktop10.1\ArcToolbox\Toolboxes\Data Management Tools.tbx\CalculateField" Date="20130828" Time="135950">CalculateField \\Gza-wsus\bswmgis\IVA\Shapefile\IVA_Soil_Cavite.shp MAPSCALE 50000 VB #</Process><Process Name="Calculate MAPTYPE Field" ToolSource="c:\program files (x86)\arcgis\desktop10.1\ArcToolbox\Toolboxes\Data Management Tools.tbx\CalculateField" Date="20130828" Time="135951">CalculateField \\Gza-wsus\bswmgis\IVA\Shapefile\IVA_Soil_Cavite.shp MAPTYPE 'SOIL' PYTHON #</Process><Process Name="Calculate SOURCE Field" ToolSource="c:\program files (x86)\arcgis\desktop10.1\ArcToolbox\Toolboxes\Data Management Tools.tbx\CalculateField" Date="20130828" Time="135951">CalculateField \\Gza-wsus\bswmgis\IVA\Shapefile\IVA_Soil_Cavite.shp SOURCE 'IVA_Soil_Cavite' PYTHON #</Process><Process ToolSource="c:\program files (x86)\arcgis\desktop10.1\ArcToolbox\Toolboxes\Data Management Tools.tbx\CalculateField" Date="20130828" Time="140008">CalculateField IVA_Soil_Cavite MAPSCALE "75000" VB #</Process></lineage><itemProps><itemLocation><linkage Sync="TRUE">file://\\gza-wsus\bswmgis\August_28_BSWM_Delivery\IVA_Soil_Cavite</linkage><protocol Sync="TRUE">Local Area Network</protocol></itemLocation></itemProps><copyHistory><copy source="\\gza-wsus\bswmgis\IVA\Shapefile\IVA_Soil_Cavite" dest="\\gza-wsus\bswmgis\August_28_BSWM_Delivery\IVA_Soil_Cavite" date="20130830" time="22070600"></copy></copyHistory></DataProperties><ArcGISstyle>FGDC CSDGM Metadata</ArcGISstyle></Esri></metadata>
