<?xml version="1.0" encoding="UTF-8"?>
<metadata xml:lang="en"><Esri><CreaDate>20130820</CreaDate><CreaTime>09153300</CreaTime><SyncOnce>TRUE</SyncOnce><DataProperties><lineage><Process ToolSource="c:\program files\arcgis\desktop10.1\ArcToolbox\Toolboxes\Data Management Tools.tbx\CalculateField" Date="20130812" Time="110510">CalculateField Bukidnon_Libona_GeomorphologialMap SOURCE "Bukidnon_Libona_GeomorphologialMap" VB #</Process><Process ToolSource="c:\program files\arcgis\desktop10.1\ArcToolbox\Toolboxes\Data Management Tools.tbx\CalculateField" Date="20130812" Time="110520">CalculateField Bukidnon_Libona_GeomorphologialMap PROVINCE "Bukidnon" VB #</Process><Process ToolSource="c:\program files\arcgis\desktop10.1\ArcToolbox\Toolboxes\Data Management Tools.tbx\CalculateField" Date="20130812" Time="110555">CalculateField Bukidnon_Libona_GeomorphologialMap CATEGORY "Geomorphologial" VB #</Process><Process ToolSource="c:\program files\arcgis\desktop10.1\ArcToolbox\Toolboxes\Data Management Tools.tbx\CalculateField" Date="20130812" Time="110619">CalculateField Bukidnon_Libona_GeomorphologialMap MAPDATE "UNKNOWN" VB #</Process><Process ToolSource="c:\program files\arcgis\desktop10.1\ArcToolbox\Toolboxes\Data Management Tools.tbx\CalculateField" Date="20130812" Time="110631">CalculateField Bukidnon_Libona_GeomorphologialMap MAPTYPE "Geomorphologial" VB #</Process><Process ToolSource="c:\program files\arcgis\desktop10.1\ArcToolbox\Toolboxes\Data Management Tools.tbx\CalculateField" Date="20130812" Time="110643">CalculateField Bukidnon_Libona_GeomorphologialMap CLASS [CLASS_1] VB #</Process><Process ToolSource="c:\program files\arcgis\desktop10.1\ArcToolbox\Toolboxes\Data Management Tools.tbx\CalculateField" Date="20130812" Time="110705">CalculateField Bukidnon_Libona_GeomorphologialMap MAPSCALE 50000 VB #</Process><Process Name="Calculate 'MAPDATE' Field as String" ToolSource="C:\Program Files\ArcGIS\Desktop10.0\ArcToolbox\Toolboxes\Data Management Tools.tbx\CalculateField" Date="20130820" Time="012723">CalculateField Bukidnon_Libona_GeomorphologialMap MAPDATE "UNKNOWN" VB #</Process><Process Name="Calculate Province Name Field" ToolSource="C:\Program Files\ArcGIS\Desktop10.0\ArcToolbox\Toolboxes\Data Management Tools.tbx\CalculateField" Date="20130820" Time="012723">CalculateField Bukidnon_Libona_GeomorphologialMap PROVINCE "Bukidnon" VB #</Process><Process Name="Calculate Map Scale Field" ToolSource="C:\Program Files\ArcGIS\Desktop10.0\ArcToolbox\Toolboxes\Data Management Tools.tbx\CalculateField" Date="20130820" Time="012724">CalculateField Bukidnon_Libona_GeomorphologialMap MAPSCALE 50000 VB #</Process><Process Name="Calculate MAPTYPE Field" ToolSource="C:\Program Files\ArcGIS\Desktop10.0\ArcToolbox\Toolboxes\Data Management Tools.tbx\CalculateField" Date="20130820" Time="012724">CalculateField Bukidnon_Libona_GeomorphologialMap MAPTYPE 'GEOMORPHOLOGICAL' PYTHON #</Process><Process Name="Calculate SOURCE Field" ToolSource="C:\Program Files\ArcGIS\Desktop10.0\ArcToolbox\Toolboxes\Data Management Tools.tbx\CalculateField" Date="20130820" Time="012724">CalculateField Bukidnon_Libona_GeomorphologialMap SOURCE 'Bukidnon_Libona_GeomorphologialMap' PYTHON #</Process><Process ToolSource="C:\Program Files\ArcGIS\Desktop10.0\ArcToolbox\Toolboxes\Data Management Tools.tbx\CalculateField" Date="20130820" Time="012847">CalculateField Bukidnon_Libona_GeomorphologialMap CATEGORY "VOLCANIC FOOTSLOPES" VB #</Process><Process ToolSource="C:\Program Files\ArcGIS\Desktop10.0\ArcToolbox\Toolboxes\Data Management Tools.tbx\CalculateField" Date="20130820" Time="012855">CalculateField Bukidnon_Libona_GeomorphologialMap DESCRIP "VOLCANIC FOOTSLOPES" VB #</Process></lineage><itemProps><itemLocation><linkage Sync="TRUE">file://\\gza-wsus\bswmgis\August_9_BSWM_Delivery-Resend\Bukidnon_Libona_GeomorphologialMap</linkage><protocol Sync="TRUE">Local Area Network</protocol></itemLocation></itemProps><copyHistory><copy source="\\gza-wsus\bswmgis\August_9_BSWM_Delivery\Bukidnon_Libona_GeomorphologialMap" dest="\\gza-wsus\bswmgis\August_9_BSWM_Delivery-Resend\Bukidnon_Libona_GeomorphologialMap" date="20130820" time="09153300"></copy></copyHistory></DataProperties><ArcGISstyle>FGDC CSDGM Metadata</ArcGISstyle></Esri></metadata>
