<?xml version="1.0" encoding="UTF-8"?>
<metadata xml:lang="en"><Esri><CreaDate>20130823</CreaDate><CreaTime>20591900</CreaTime><ArcGISFormat>1.0</ArcGISFormat><SyncOnce>TRUE</SyncOnce><DataProperties><lineage><Process Name="Create Feature Class" ToolSource="c:\program files (x86)\arcgis\desktop10.1\ArcToolbox\Toolboxes\Data Management Tools.tbx\CreateFeatureclass" Date="20130821" Time="173106">CreateFeatureclass \\GZA-WSUS\bswmgis\Sulu\Shapefile\Auto Sulu_CropZone13 POLYGON \\GZA-WSUS\bswmgis\Reference_Data\Polygon.shp DISABLED DISABLED "GEOGCS['GCS_Luzon_1911',DATUM['D_Luzon_1911',SPHEROID['Clarke_1866',6378206.4,294.9786982]],PRIMEM['Greenwich',0.0],UNIT['Degree',0.0174532925199433],METADATA['Philippines - onshore',116.9,5.0,126.65,19.44,0.0,0.0174532925199433,0.0,3969]];-400 -400 1000000000;-100000 10000;-100000 10000;8.98305509728916E-09;0.001;0.001;IsHighPrecision" # 0 0 0</Process><Process ToolSource="c:\program files (x86)\arcgis\desktop10.1\ArcToolbox\Toolboxes\Data Management Tools.tbx\CalculateField" Date="20130821" Time="225127">CalculateField Sulu_CropZone13 CLASS 7.1 VB #</Process><Process ToolSource="c:\program files (x86)\arcgis\desktop10.1\ArcToolbox\Toolboxes\Data Management Tools.tbx\CalculateField" Date="20130821" Time="225717">CalculateField Sulu_CropZone13 CLASS 8.1 VB #</Process><Process ToolSource="c:\program files (x86)\arcgis\desktop10.1\ArcToolbox\Toolboxes\Data Management Tools.tbx\CalculateField" Date="20130821" Time="230146">CalculateField Sulu_CropZone13 CLASS "1.5.1" VB #</Process><Process Name="Calculate 'MAPDATE' Field as String" ToolSource="c:\program files (x86)\arcgis\desktop10.1\ArcToolbox\Toolboxes\Data Management Tools.tbx\CalculateField" Date="20130821" Time="230330">CalculateField Sulu_CropZone13 MAPDATE 1987 VB #</Process><Process Name="Calculate Province Name Field" ToolSource="c:\program files (x86)\arcgis\desktop10.1\ArcToolbox\Toolboxes\Data Management Tools.tbx\CalculateField" Date="20130821" Time="230330">CalculateField Sulu_CropZone13 PROVINCE "Sulu" VB #</Process><Process Name="Calculate Map Scale Field" ToolSource="c:\program files (x86)\arcgis\desktop10.1\ArcToolbox\Toolboxes\Data Management Tools.tbx\CalculateField" Date="20130821" Time="230330">CalculateField Sulu_CropZone13 MAPSCALE 50000 VB #</Process><Process Name="Calculate MAPTYPE Field" ToolSource="c:\program files (x86)\arcgis\desktop10.1\ArcToolbox\Toolboxes\Data Management Tools.tbx\CalculateField" Date="20130821" Time="230331">CalculateField Sulu_CropZone13 MAPTYPE 'CROP ZONE' PYTHON #</Process><Process Name="Calculate SOURCE Field" ToolSource="c:\program files (x86)\arcgis\desktop10.1\ArcToolbox\Toolboxes\Data Management Tools.tbx\CalculateField" Date="20130821" Time="230331">CalculateField Sulu_CropZone13 SOURCE 'Sulu_CropZone13' PYTHON #</Process></lineage><itemProps><itemLocation><linkage Sync="TRUE">file://\\Gza-wsus\BSWMGIS\Sulu\Shapefile\Sulu_CropZone13</linkage><protocol Sync="TRUE">Local Area Network</protocol></itemLocation></itemProps><copyHistory><copy source="\\Gza-wsus\BSWMGIS\Sulu\Shapefile\Auto\Sulu_CropZone13" dest="\\Gza-wsus\BSWMGIS\Sulu\Shapefile\Sulu_CropZone13" date="20130821" time="22044400"></copy></copyHistory></DataProperties></Esri></metadata>
