<?xml version="1.0" encoding="UTF-8"?>
<metadata xml:lang="en"><Esri><CreaDate>20130909</CreaDate><CreaTime>16021300</CreaTime><SyncOnce>TRUE</SyncOnce><DataProperties><lineage><Process ToolSource="c:\program files\arcgis\desktop10.1\ArcToolbox\Toolboxes\Data Management Tools.tbx\CalculateField" Date="20130904" Time="132911">CalculateField Albay_Crop6 CLASS [crop] VB #</Process><Process ToolSource="c:\program files\arcgis\desktop10.1\ArcToolbox\Toolboxes\Data Management Tools.tbx\CalculateField" Date="20130904" Time="132932">CalculateField Albay_Crop6 CLASS "8.18" VB #</Process><Process ToolSource="c:\program files\arcgis\desktop10.1\ArcToolbox\Toolboxes\Data Management Tools.tbx\CalculateField" Date="20130904" Time="132956">CalculateField Albay_Crop6 CLASS "1.2" VB #</Process><Process ToolSource="c:\program files\arcgis\desktop10.1\ArcToolbox\Toolboxes\Data Management Tools.tbx\CalculateField" Date="20130904" Time="133154">CalculateField Albay_Crop6 MAPDATE 1987 VB #</Process><Process ToolSource="c:\program files\arcgis\desktop10.1\ArcToolbox\Toolboxes\Data Management Tools.tbx\CalculateField" Date="20130904" Time="133242">CalculateField Albay_Crop6 SOURCE "Albay_Crop6" VB #</Process><Process ToolSource="c:\program files\arcgis\desktop10.1\ArcToolbox\Toolboxes\Data Management Tools.tbx\CalculateField" Date="20130904" Time="133304">CalculateField Albay_Crop6 MAPSCALE 50000 VB #</Process><Process ToolSource="c:\program files\arcgis\desktop10.1\ArcToolbox\Toolboxes\Data Management Tools.tbx\CalculateField" Date="20130904" Time="133451">CalculateField Albay_Crop6 CATEGORY "INDUSTRIAL CROP ZONE" VB #</Process><Process ToolSource="c:\program files\arcgis\desktop10.1\ArcToolbox\Toolboxes\Data Management Tools.tbx\CalculateField" Date="20130904" Time="133510">CalculateField Albay_Crop6 DESCRIP "LOW ELEVATION COFFEE" VB #</Process><Process ToolSource="c:\program files\arcgis\desktop10.1\ArcToolbox\Toolboxes\Data Management Tools.tbx\CalculateField" Date="20130904" Time="133546">CalculateField Albay_Crop6 CATEGORY "AGRICULTURAL" VB #</Process><Process ToolSource="c:\program files\arcgis\desktop10.1\ArcToolbox\Toolboxes\Data Management Tools.tbx\CalculateField" Date="20130904" Time="133555">CalculateField Albay_Crop6 DESCRIP "COCONUT, MONOCROPPING" VB #</Process><Process ToolSource="c:\program files\arcgis\desktop10.1\ArcToolbox\Toolboxes\Data Management Tools.tbx\CalculateField" Date="20130904" Time="133607">CalculateField Albay_Crop6 CATEGORY "AGRICULTURAL" VB #</Process><Process ToolSource="c:\program files\arcgis\desktop10.1\ArcToolbox\Toolboxes\Data Management Tools.tbx\CalculateField" Date="20130904" Time="133618">CalculateField Albay_Crop6 DESCRIP "COCONUT, MULTI CROPPING" VB #</Process><Process ToolSource="c:\program files\arcgis\desktop10.1\ArcToolbox\Toolboxes\Data Management Tools.tbx\CalculateField" Date="20130904" Time="133650">CalculateField Albay_Crop6 CATEGORY "MISCELLANEOUS / BUILT-UP AREAS" VB #</Process><Process ToolSource="c:\program files\arcgis\desktop10.1\ArcToolbox\Toolboxes\Data Management Tools.tbx\CalculateField" Date="20130904" Time="133707">CalculateField Albay_Crop6 CATEGORY "INDUSTRIAL CROP ZONE" VB #</Process><Process ToolSource="c:\program files\arcgis\desktop10.1\ArcToolbox\Toolboxes\Data Management Tools.tbx\CalculateField" Date="20130904" Time="133718">CalculateField Albay_Crop6 DESCRIP "LOW ELEVATION COFFEE" VB #</Process><Process ToolSource="c:\program files\arcgis\desktop10.1\ArcToolbox\Toolboxes\Data Management Tools.tbx\CalculateField" Date="20130904" Time="133804">CalculateField Albay_Crop6 CLASS "2.1" VB #</Process><Process ToolSource="c:\program files\arcgis\desktop10.1\ArcToolbox\Toolboxes\Data Management Tools.tbx\CalculateField" Date="20130904" Time="133817">CalculateField Albay_Crop6 CLASS "1.5.2" VB #</Process><Process ToolSource="c:\program files\arcgis\desktop10.1\ArcToolbox\Toolboxes\Data Management Tools.tbx\CalculateField" Date="20130904" Time="133827">CalculateField Albay_Crop6 CLASS "1.5.1" VB #</Process></lineage><itemProps><itemLocation><linkage Sync="TRUE">file://\\gza-wsus\bswmgis\August_28_Zipfile1\Albay_Crop6</linkage><protocol Sync="TRUE">Local Area Network</protocol></itemLocation></itemProps><copyHistory><copy source="\\gza-wsus\bswmgis\August_28_BSWM_Delivery\Albay_Crop6" dest="\\gza-wsus\bswmgis\August_28_Zipfile1\Albay_Crop6" date="20130909" time="16021300"></copy></copyHistory></DataProperties><ArcGISstyle>FGDC CSDGM Metadata</ArcGISstyle></Esri></metadata>
