<?xml version="1.0" encoding="UTF-8"?>
<metadata xml:lang="en"><Esri><CreaDate>20130919</CreaDate><CreaTime>19273500</CreaTime><SyncOnce>TRUE</SyncOnce><DataProperties><lineage><Process Name="Calculate 'MAPDATE' Field as String" ToolSource="c:\program files\arcgis\desktop10.1\ArcToolbox\Toolboxes\Data Management Tools.tbx\CalculateField" Date="20130816" Time="190739">CalculateField C:\Users\Dan\Documents\GZA\GIS\BSWM\Bukiddon_Soil_250thsnd_1.shp MAPDATE 1988 VB #</Process><Process Name="Calculate Province Name Field" ToolSource="c:\program files\arcgis\desktop10.1\ArcToolbox\Toolboxes\Data Management Tools.tbx\CalculateField" Date="20130816" Time="190739">CalculateField C:\Users\Dan\Documents\GZA\GIS\BSWM\Bukiddon_Soil_250thsnd_1.shp PROVINCE "BUKIDNON" VB #</Process><Process Name="Calculate Map Scale Field" ToolSource="c:\program files\arcgis\desktop10.1\ArcToolbox\Toolboxes\Data Management Tools.tbx\CalculateField" Date="20130816" Time="190739">CalculateField C:\Users\Dan\Documents\GZA\GIS\BSWM\Bukiddon_Soil_250thsnd_1.shp MAPSCALE 50000 VB #</Process><Process Name="Calculate MAPTYPE Field" ToolSource="c:\program files\arcgis\desktop10.1\ArcToolbox\Toolboxes\Data Management Tools.tbx\CalculateField" Date="20130816" Time="190739">CalculateField C:\Users\Dan\Documents\GZA\GIS\BSWM\Bukiddon_Soil_250thsnd_1.shp MAPTYPE 'SOIL' PYTHON #</Process><Process Name="Calculate SOURCE Field" ToolSource="c:\program files\arcgis\desktop10.1\ArcToolbox\Toolboxes\Data Management Tools.tbx\CalculateField" Date="20130816" Time="190739">CalculateField C:\Users\Dan\Documents\GZA\GIS\BSWM\Bukiddon_Soil_250thsnd_1.shp SOURCE 'Bukiddon_Soil_250thsnd_1' PYTHON #</Process><Process ToolSource="c:\program files\arcgis\desktop10.1\ArcToolbox\Toolboxes\Data Management Tools.tbx\CalculateField" Date="20130816" Time="190920">CalculateField Bukiddon_Soil_250thsnd_1 CATEGORY "FARAGON CLAY" VB #</Process><Process ToolSource="c:\program files\arcgis\desktop10.1\ArcToolbox\Toolboxes\Data Management Tools.tbx\CalculateField" Date="20130816" Time="190946">CalculateField Bukiddon_Soil_250thsnd_1 CATEGORY "BOINAO CLAY" VB #</Process><Process ToolSource="c:\program files\arcgis\desktop10.1\ArcToolbox\Toolboxes\Data Management Tools.tbx\CalculateField" Date="20130816" Time="191025">CalculateField Bukiddon_Soil_250thsnd_1 CATEGORY "KIDAPOWAN CLAYLOAM" VB #</Process><Process ToolSource="c:\program files\arcgis\desktop10.1\ArcToolbox\Toolboxes\Data Management Tools.tbx\CalculateField" Date="20130816" Time="191103">CalculateField Bukiddon_Soil_250thsnd_1 CATEGORY "LA CASTELLANA CLAY" VB #</Process><Process ToolSource="c:\program files\arcgis\desktop10.1\ArcToolbox\Toolboxes\Data Management Tools.tbx\CalculateField" Date="20130816" Time="191122">CalculateField Bukiddon_Soil_250thsnd_1 CATEGORY "JASAAN CLAY" VB #</Process><Process ToolSource="c:\program files\arcgis\desktop10.1\ArcToolbox\Toolboxes\Data Management Tools.tbx\CalculateField" Date="20130816" Time="191146">CalculateField Bukiddon_Soil_250thsnd_1 CATEGORY "ADTUYON CLAY" VB #</Process><Process ToolSource="c:\program files\arcgis\desktop10.1\ArcToolbox\Toolboxes\Data Management Tools.tbx\CalculateField" Date="20130816" Time="191206">CalculateField Bukiddon_Soil_250thsnd_1 CATEGORY "ADTUYON CLAY STONY PHASE" VB #</Process><Process ToolSource="c:\program files\arcgis\desktop10.1\ArcToolbox\Toolboxes\Data Management Tools.tbx\CalculateField" Date="20130816" Time="191236">CalculateField Bukiddon_Soil_250thsnd_1 CATEGORY "MACOLOD CLAY" VB #</Process><Process ToolSource="c:\program files\arcgis\desktop10.1\ArcToolbox\Toolboxes\Data Management Tools.tbx\CalculateField" Date="20130816" Time="191304">CalculateField Bukiddon_Soil_250thsnd_1 CATEGORY "ROUGH BROKEN LAND" VB #</Process><Process ToolSource="c:\program files\arcgis\desktop10.1\ArcToolbox\Toolboxes\Data Management Tools.tbx\CalculateField" Date="20130816" Time="191328">CalculateField Bukiddon_Soil_250thsnd_1 CATEGORY "ALIMODIAN CLAY" VB #</Process><Process ToolSource="c:\program files\arcgis\desktop10.1\ArcToolbox\Toolboxes\Data Management Tools.tbx\CalculateField" Date="20130816" Time="191358">CalculateField Bukiddon_Soil_250thsnd_1 CATEGORY "MAAPAG CLAY" VB #</Process><Process ToolSource="c:\program files\arcgis\desktop10.1\ArcToolbox\Toolboxes\Data Management Tools.tbx\CalculateField" Date="20130816" Time="191419">CalculateField Bukiddon_Soil_250thsnd_1 CATEGORY "CALAUIG CLAY" VB #</Process><Process ToolSource="c:\program files\arcgis\desktop10.1\ArcToolbox\Toolboxes\Data Management Tools.tbx\CalculateField" Date="20130816" Time="191502">CalculateField Bukiddon_Soil_250thsnd_1 CATEGORY "MOUNTAIN SOILS UNDIFFERENCES" VB #</Process><Process ToolSource="c:\program files\arcgis\desktop10.1\ArcToolbox\Toolboxes\Data Management Tools.tbx\CalculateField" Date="20130816" Time="191523">CalculateField Bukiddon_Soil_250thsnd_1 CATEGORY "SAN MIGUEL SILT LOAM" VB #</Process><Process ToolSource="c:\program files\arcgis\desktop10.1\ArcToolbox\Toolboxes\Data Management Tools.tbx\CalculateField" Date="20130816" Time="191604">CalculateField Bukiddon_Soil_250thsnd_1 MAPSCALE 250000 VB #</Process><Process ToolSource="c:\program files\arcgis\desktop10.1\ArcToolbox\Toolboxes\Data Management Tools.tbx\CalculateField" Date="20130816" Time="191615">CalculateField Bukiddon_Soil_250thsnd_1 MAPSCALE 250000 VB #</Process><Process ToolSource="c:\program files\arcgis\desktop10.1\ArcToolbox\Toolboxes\Data Management Tools.tbx\CalculateField" Date="20130905" Time="031729">CalculateField ZamboangaDelSur_LandLimitationandPotentialLandUseMap1 CATEGORY "Infrequent Brief Flooding" VB #</Process><Process ToolSource="c:\program files\arcgis\desktop10.1\ArcToolbox\Toolboxes\Data Management Tools.tbx\CalculateField" Date="20130905" Time="031752">CalculateField ZamboangaDelSur_LandLimitationandPotentialLandUseMap1 CATEGORY "Poor Drainage and Flooding" VB #</Process><Process ToolSource="c:\program files\arcgis\desktop10.1\ArcToolbox\Toolboxes\Data Management Tools.tbx\CalculateField" Date="20130905" Time="031811">CalculateField ZamboangaDelSur_LandLimitationandPotentialLandUseMap1 CATEGORY "Low Fertility" VB #</Process><Process ToolSource="c:\program files\arcgis\desktop10.1\ArcToolbox\Toolboxes\Data Management Tools.tbx\CalculateField" Date="20130905" Time="031825">CalculateField ZamboangaDelSur_LandLimitationandPotentialLandUseMap1 CATEGORY "Low Fertility" VB #</Process><Process ToolSource="c:\program files\arcgis\desktop10.1\ArcToolbox\Toolboxes\Data Management Tools.tbx\CalculateField" Date="20130905" Time="031854">CalculateField ZamboangaDelSur_LandLimitationandPotentialLandUseMap1 CATEGORY "Variable Soil Depth, Mostly Shallow" VB #</Process><Process ToolSource="c:\program files\arcgis\desktop10.1\ArcToolbox\Toolboxes\Data Management Tools.tbx\CalculateField" Date="20130905" Time="031932">CalculateField ZamboangaDelSur_LandLimitationandPotentialLandUseMap1 CATEGORY "Low Fertility, Moderate Erosion Hazard" VB #</Process><Process ToolSource="c:\program files\arcgis\desktop10.1\ArcToolbox\Toolboxes\Data Management Tools.tbx\CalculateField" Date="20130905" Time="031956">CalculateField ZamboangaDelSur_LandLimitationandPotentialLandUseMap1 CATEGORY "Weakly Structured Soil" VB #</Process><Process ToolSource="c:\program files\arcgis\desktop10.1\ArcToolbox\Toolboxes\Data Management Tools.tbx\CalculateField" Date="20130905" Time="032014">CalculateField ZamboangaDelSur_LandLimitationandPotentialLandUseMap1 CATEGORY "Weakly Structured Soil, with very Low Fertility" VB #</Process><Process ToolSource="c:\program files\arcgis\desktop10.1\ArcToolbox\Toolboxes\Data Management Tools.tbx\CalculateField" Date="20130905" Time="032101">CalculateField ZamboangaDelSur_LandLimitationandPotentialLandUseMap1 CATEGORY "Moderate Erosion Hazards, Shallow Soils with Low Fertility" VB #</Process><Process ToolSource="c:\program files\arcgis\desktop10.1\ArcToolbox\Toolboxes\Data Management Tools.tbx\CalculateField" Date="20130905" Time="032200">CalculateField ZamboangaDelSur_LandLimitationandPotentialLandUseMap1 CATEGORY "Steep Land, Shallow Soils Subject to Severe Erosion" VB #</Process><Process ToolSource="c:\program files\arcgis\desktop10.1\ArcToolbox\Toolboxes\Data Management Tools.tbx\CalculateField" Date="20130905" Time="032230">CalculateField ZamboangaDelSur_LandLimitationandPotentialLandUseMap1 CATEGORY "Permanently Inundated" VB #</Process><Process ToolSource="c:\program files\arcgis\desktop10.1\ArcToolbox\Toolboxes\Data Management Tools.tbx\CalculateField" Date="20130905" Time="032248">CalculateField ZamboangaDelSur_LandLimitationandPotentialLandUseMap1 CATEGORY "Tidal Inundation" VB #</Process><Process ToolSource="C:\Program Files\ArcGIS\Desktop10.0\ArcToolbox\Toolboxes\Data Management Tools.tbx\CalculateField" Date="20130905" Time="032747">CalculateField ZamboangaDelSur_LandLimitationandPotentialLandUseMap1 PROVINCE "Zamboanga Del Sur" VB #</Process><Process ToolSource="C:\Program Files\ArcGIS\Desktop10.0\ArcToolbox\Toolboxes\Data Management Tools.tbx\CalculateField" Date="20130905" Time="033005">CalculateField ZamboangaDelSur_LandLimitationandPotentialLandUseMap1 MAPDATE "Unknown" VB #</Process><Process ToolSource="C:\Program Files\ArcGIS\Desktop10.0\ArcToolbox\Toolboxes\Data Management Tools.tbx\CalculateField" Date="20130905" Time="033055">CalculateField ZamboangaDelSur_LandLimitationandPotentialLandUseMap1 MAPSCALE 50000 VB #</Process><Process ToolSource="C:\Program Files\ArcGIS\Desktop10.0\ArcToolbox\Toolboxes\Data Management Tools.tbx\CalculateField" Date="20130905" Time="033149">CalculateField ZamboangaDelSur_LandLimitationandPotentialLandUseMap1 MAPTYPE "Land Limitation and Potential Land Use" VB #</Process><Process ToolSource="C:\Program Files\ArcGIS\Desktop10.0\ArcToolbox\Toolboxes\Data Management Tools.tbx\CalculateField" Date="20130905" Time="033451">CalculateField ZamboangaDelSur_LandLimitationandPotentialLandUseMap1 SOURCE "ZamboangaDelSur_LandLimitationandPotentialLandUseMap1" VB #</Process><Process ToolSource="c:\program files (x86)\arcgis\desktop10.1\ArcToolbox\Toolboxes\Data Management Tools.tbx\CalculateField" Date="20130919" Time="201017">CalculateField ZamboangaDelSur_LandLimitationandPotentialLandUseMap1 DESCRIP [CATEGORY] VB #</Process></lineage><itemProps><itemLocation><linkage Sync="TRUE">file://\\Gza-wsus\bswmgis\August_28_BSWM_Delivery_Resend2\ZamboangaDelSur_LandLimitationandPotentialLandUseMap1</linkage><protocol Sync="TRUE">Local Area Network</protocol></itemLocation></itemProps><copyHistory><copy source="\\Gza-wsus\bswmgis\August_28_BSWM_Delivery_Resend\ZamboangaDelSur_LandLimitationandPotentialLandUseMap1" dest="\\Gza-wsus\bswmgis\August_28_BSWM_Delivery_Resend2\ZamboangaDelSur_LandLimitationandPotentialLandUseMap1" date="20130919" time="19273500"></copy></copyHistory></DataProperties><ArcGISstyle>FGDC CSDGM Metadata</ArcGISstyle></Esri></metadata>
