<?xml version="1.0" encoding="UTF-8"?>
<metadata xml:lang="en"><Esri><CreaDate>20130815</CreaDate><CreaTime>01410900</CreaTime><ArcGISFormat>1.0</ArcGISFormat><SyncOnce>TRUE</SyncOnce><DataProperties><lineage><Process ToolSource="c:\program files\arcgis\desktop10.1\ArcToolbox\Toolboxes\Data Management Tools.tbx\CalculateField" Date="20130815" Time="014109">CalculateField Camarines_Nor_PCropZone11 CLASS [CLASS_1] VB #</Process><Process Name="Calculate 'MAPDATE' Field as String" ToolSource="C:\Program Files\ArcGIS\Desktop10.0\ArcToolbox\Toolboxes\Data Management Tools.tbx\CalculateField" Date="20130815" Time="075248">CalculateField \\gza-wsus\bswmgis\Camarines_Norte\Deliver\Camarines_Nor_PCropZone11.shp MAPDATE "1988" VB #</Process><Process Name="Calculate Province Name Field" ToolSource="C:\Program Files\ArcGIS\Desktop10.0\ArcToolbox\Toolboxes\Data Management Tools.tbx\CalculateField" Date="20130815" Time="075248">CalculateField \\gza-wsus\bswmgis\Camarines_Norte\Deliver\Camarines_Nor_PCropZone11.shp PROVINCE "MASBATE" VB #</Process><Process Name="Calculate Map Scale Field" ToolSource="C:\Program Files\ArcGIS\Desktop10.0\ArcToolbox\Toolboxes\Data Management Tools.tbx\CalculateField" Date="20130815" Time="075248">CalculateField \\gza-wsus\bswmgis\Camarines_Norte\Deliver\Camarines_Nor_PCropZone11.shp MAPSCALE 50000 VB #</Process><Process Name="Calculate MAPTYPE Field" ToolSource="C:\Program Files\ArcGIS\Desktop10.0\ArcToolbox\Toolboxes\Data Management Tools.tbx\CalculateField" Date="20130815" Time="075248">CalculateField \\gza-wsus\bswmgis\Camarines_Norte\Deliver\Camarines_Nor_PCropZone11.shp MAPTYPE 'LAND MANAGEMENT UNIT' PYTHON #</Process><Process Name="Calculate SOURCE Field" ToolSource="C:\Program Files\ArcGIS\Desktop10.0\ArcToolbox\Toolboxes\Data Management Tools.tbx\CalculateField" Date="20130815" Time="075248">CalculateField \\gza-wsus\bswmgis\Camarines_Norte\Deliver\Camarines_Nor_PCropZone11.shp SOURCE 'Camarines_Nor_PCropZone11' PYTHON #</Process><Process Name="Calculate 'MAPDATE' Field as String" ToolSource="C:\Program Files\ArcGIS\Desktop10.0\ArcToolbox\Toolboxes\Data Management Tools.tbx\CalculateField" Date="20130815" Time="075309">CalculateField \\gza-wsus\bswmgis\Camarines_Norte\Deliver\Camarines_Nor_PCropZone11.shp MAPDATE "1985" VB #</Process><Process Name="Calculate Province Name Field" ToolSource="C:\Program Files\ArcGIS\Desktop10.0\ArcToolbox\Toolboxes\Data Management Tools.tbx\CalculateField" Date="20130815" Time="075309">CalculateField \\gza-wsus\bswmgis\Camarines_Norte\Deliver\Camarines_Nor_PCropZone11.shp PROVINCE "CAMARINES NORTE" VB #</Process><Process Name="Calculate Map Scale Field" ToolSource="C:\Program Files\ArcGIS\Desktop10.0\ArcToolbox\Toolboxes\Data Management Tools.tbx\CalculateField" Date="20130815" Time="075309">CalculateField \\gza-wsus\bswmgis\Camarines_Norte\Deliver\Camarines_Nor_PCropZone11.shp MAPSCALE 50000 VB #</Process><Process Name="Calculate MAPTYPE Field" ToolSource="C:\Program Files\ArcGIS\Desktop10.0\ArcToolbox\Toolboxes\Data Management Tools.tbx\CalculateField" Date="20130815" Time="075309">CalculateField \\gza-wsus\bswmgis\Camarines_Norte\Deliver\Camarines_Nor_PCropZone11.shp MAPTYPE 'CROP ZONE' PYTHON #</Process><Process Name="Calculate SOURCE Field" ToolSource="C:\Program Files\ArcGIS\Desktop10.0\ArcToolbox\Toolboxes\Data Management Tools.tbx\CalculateField" Date="20130815" Time="075309">CalculateField \\gza-wsus\bswmgis\Camarines_Norte\Deliver\Camarines_Nor_PCropZone11.shp SOURCE 'Camarines_Nor_PCropZone11' PYTHON #</Process><Process ToolSource="C:\Program Files\ArcGIS\Desktop10.0\ArcToolbox\Toolboxes\Data Management Tools.tbx\CalculateField" Date="20130815" Time="075448">CalculateField Camarines_Nor_PCropZone11 CATEGORY "PRESERVATION AREAS" VB #</Process></lineage></DataProperties></Esri></metadata>
