<?xml version="1.0" encoding="UTF-8"?>
<metadata xml:lang="en"><Esri><CreaDate>20130919</CreaDate><CreaTime>19272300</CreaTime><SyncOnce>TRUE</SyncOnce><DataProperties><lineage><Process Name="Calculate 'MAPDATE' Field as String" ToolSource="c:\program files\arcgis\desktop10.1\ArcToolbox\Toolboxes\Data Management Tools.tbx\CalculateField" Date="20130816" Time="190739">CalculateField C:\Users\Dan\Documents\GZA\GIS\BSWM\Bukiddon_Soil_250thsnd_1.shp MAPDATE 1988 VB #</Process><Process Name="Calculate Province Name Field" ToolSource="c:\program files\arcgis\desktop10.1\ArcToolbox\Toolboxes\Data Management Tools.tbx\CalculateField" Date="20130816" Time="190739">CalculateField C:\Users\Dan\Documents\GZA\GIS\BSWM\Bukiddon_Soil_250thsnd_1.shp PROVINCE "BUKIDNON" VB #</Process><Process Name="Calculate Map Scale Field" ToolSource="c:\program files\arcgis\desktop10.1\ArcToolbox\Toolboxes\Data Management Tools.tbx\CalculateField" Date="20130816" Time="190739">CalculateField C:\Users\Dan\Documents\GZA\GIS\BSWM\Bukiddon_Soil_250thsnd_1.shp MAPSCALE 50000 VB #</Process><Process Name="Calculate MAPTYPE Field" ToolSource="c:\program files\arcgis\desktop10.1\ArcToolbox\Toolboxes\Data Management Tools.tbx\CalculateField" Date="20130816" Time="190739">CalculateField C:\Users\Dan\Documents\GZA\GIS\BSWM\Bukiddon_Soil_250thsnd_1.shp MAPTYPE 'SOIL' PYTHON #</Process><Process Name="Calculate SOURCE Field" ToolSource="c:\program files\arcgis\desktop10.1\ArcToolbox\Toolboxes\Data Management Tools.tbx\CalculateField" Date="20130816" Time="190739">CalculateField C:\Users\Dan\Documents\GZA\GIS\BSWM\Bukiddon_Soil_250thsnd_1.shp SOURCE 'Bukiddon_Soil_250thsnd_1' PYTHON #</Process><Process ToolSource="c:\program files\arcgis\desktop10.1\ArcToolbox\Toolboxes\Data Management Tools.tbx\CalculateField" Date="20130816" Time="190920">CalculateField Bukiddon_Soil_250thsnd_1 CATEGORY "FARAGON CLAY" VB #</Process><Process ToolSource="c:\program files\arcgis\desktop10.1\ArcToolbox\Toolboxes\Data Management Tools.tbx\CalculateField" Date="20130816" Time="190946">CalculateField Bukiddon_Soil_250thsnd_1 CATEGORY "BOINAO CLAY" VB #</Process><Process ToolSource="c:\program files\arcgis\desktop10.1\ArcToolbox\Toolboxes\Data Management Tools.tbx\CalculateField" Date="20130816" Time="191025">CalculateField Bukiddon_Soil_250thsnd_1 CATEGORY "KIDAPOWAN CLAYLOAM" VB #</Process><Process ToolSource="c:\program files\arcgis\desktop10.1\ArcToolbox\Toolboxes\Data Management Tools.tbx\CalculateField" Date="20130816" Time="191103">CalculateField Bukiddon_Soil_250thsnd_1 CATEGORY "LA CASTELLANA CLAY" VB #</Process><Process ToolSource="c:\program files\arcgis\desktop10.1\ArcToolbox\Toolboxes\Data Management Tools.tbx\CalculateField" Date="20130816" Time="191122">CalculateField Bukiddon_Soil_250thsnd_1 CATEGORY "JASAAN CLAY" VB #</Process><Process ToolSource="c:\program files\arcgis\desktop10.1\ArcToolbox\Toolboxes\Data Management Tools.tbx\CalculateField" Date="20130816" Time="191146">CalculateField Bukiddon_Soil_250thsnd_1 CATEGORY "ADTUYON CLAY" VB #</Process><Process ToolSource="c:\program files\arcgis\desktop10.1\ArcToolbox\Toolboxes\Data Management Tools.tbx\CalculateField" Date="20130816" Time="191206">CalculateField Bukiddon_Soil_250thsnd_1 CATEGORY "ADTUYON CLAY STONY PHASE" VB #</Process><Process ToolSource="c:\program files\arcgis\desktop10.1\ArcToolbox\Toolboxes\Data Management Tools.tbx\CalculateField" Date="20130816" Time="191236">CalculateField Bukiddon_Soil_250thsnd_1 CATEGORY "MACOLOD CLAY" VB #</Process><Process ToolSource="c:\program files\arcgis\desktop10.1\ArcToolbox\Toolboxes\Data Management Tools.tbx\CalculateField" Date="20130816" Time="191304">CalculateField Bukiddon_Soil_250thsnd_1 CATEGORY "ROUGH BROKEN LAND" VB #</Process><Process ToolSource="c:\program files\arcgis\desktop10.1\ArcToolbox\Toolboxes\Data Management Tools.tbx\CalculateField" Date="20130816" Time="191328">CalculateField Bukiddon_Soil_250thsnd_1 CATEGORY "ALIMODIAN CLAY" VB #</Process><Process ToolSource="c:\program files\arcgis\desktop10.1\ArcToolbox\Toolboxes\Data Management Tools.tbx\CalculateField" Date="20130816" Time="191358">CalculateField Bukiddon_Soil_250thsnd_1 CATEGORY "MAAPAG CLAY" VB #</Process><Process ToolSource="c:\program files\arcgis\desktop10.1\ArcToolbox\Toolboxes\Data Management Tools.tbx\CalculateField" Date="20130816" Time="191419">CalculateField Bukiddon_Soil_250thsnd_1 CATEGORY "CALAUIG CLAY" VB #</Process><Process ToolSource="c:\program files\arcgis\desktop10.1\ArcToolbox\Toolboxes\Data Management Tools.tbx\CalculateField" Date="20130816" Time="191502">CalculateField Bukiddon_Soil_250thsnd_1 CATEGORY "MOUNTAIN SOILS UNDIFFERENCES" VB #</Process><Process ToolSource="c:\program files\arcgis\desktop10.1\ArcToolbox\Toolboxes\Data Management Tools.tbx\CalculateField" Date="20130816" Time="191523">CalculateField Bukiddon_Soil_250thsnd_1 CATEGORY "SAN MIGUEL SILT LOAM" VB #</Process><Process ToolSource="c:\program files\arcgis\desktop10.1\ArcToolbox\Toolboxes\Data Management Tools.tbx\CalculateField" Date="20130816" Time="191604">CalculateField Bukiddon_Soil_250thsnd_1 MAPSCALE 250000 VB #</Process><Process ToolSource="c:\program files\arcgis\desktop10.1\ArcToolbox\Toolboxes\Data Management Tools.tbx\CalculateField" Date="20130816" Time="191615">CalculateField Bukiddon_Soil_250thsnd_1 MAPSCALE 250000 VB #</Process><Process ToolSource="C:\Program Files\ArcGIS\Desktop10.0\ArcToolbox\Toolboxes\Data Management Tools.tbx\CalculateField" Date="20130905" Time="032702">CalculateField ZamboangaDelSur_LandLimitationandPotentialLandUseMap0 PROVINCE "Zamboanga Del Sur" VB #</Process><Process ToolSource="C:\Program Files\ArcGIS\Desktop10.0\ArcToolbox\Toolboxes\Data Management Tools.tbx\CalculateField" Date="20130905" Time="033021">CalculateField ZamboangaDelSur_LandLimitationandPotentialLandUseMap0 MAPDATE "Unknown" VB #</Process><Process ToolSource="C:\Program Files\ArcGIS\Desktop10.0\ArcToolbox\Toolboxes\Data Management Tools.tbx\CalculateField" Date="20130905" Time="033034">CalculateField ZamboangaDelSur_LandLimitationandPotentialLandUseMap0 MAPSCALE 50000 VB #</Process><Process ToolSource="C:\Program Files\ArcGIS\Desktop10.0\ArcToolbox\Toolboxes\Data Management Tools.tbx\CalculateField" Date="20130905" Time="033348">CalculateField ZamboangaDelSur_LandLimitationandPotentialLandUseMap0 MAPTYPE "Land Limitation and Potential Land Use" VB #</Process><Process ToolSource="C:\Program Files\ArcGIS\Desktop10.0\ArcToolbox\Toolboxes\Data Management Tools.tbx\CalculateField" Date="20130905" Time="033413">CalculateField ZamboangaDelSur_LandLimitationandPotentialLandUseMap0 SOURCE "ZamboangaDelSur_LandLimitationandPotentialLandUseMap0" VB #</Process><Process ToolSource="c:\program files (x86)\arcgis\desktop10.1\ArcToolbox\Toolboxes\Data Management Tools.tbx\CalculateField" Date="20130919" Time="200956">CalculateField ZamboangaDelSur_LandLimitationandPotentialLandUseMap0 DESCRIP [CATEGORY] VB #</Process></lineage><itemProps><itemLocation><linkage Sync="TRUE">file://\\Gza-wsus\bswmgis\August_28_BSWM_Delivery_Resend2\ZamboangaDelSur_LandLimitationandPotentialLandUseMap0</linkage><protocol Sync="TRUE">Local Area Network</protocol></itemLocation></itemProps><copyHistory><copy source="\\Gza-wsus\bswmgis\August_28_BSWM_Delivery_Resend\ZamboangaDelSur_LandLimitationandPotentialLandUseMap0" dest="\\Gza-wsus\bswmgis\August_28_BSWM_Delivery_Resend2\ZamboangaDelSur_LandLimitationandPotentialLandUseMap0" date="20130919" time="19272300"></copy></copyHistory></DataProperties><ArcGISstyle>FGDC CSDGM Metadata</ArcGISstyle></Esri></metadata>
