<?xml version="1.0" encoding="UTF-8"?>
<metadata xml:lang="en"><Esri><CreaDate>20130926</CreaDate><CreaTime>10440300</CreaTime><SyncOnce>TRUE</SyncOnce><DataProperties><lineage><Process ToolSource="c:\program files\arcgis\desktop10.1\ArcToolbox\Toolboxes\Data Management Tools.tbx\CalculateField" Date="20130802" Time="191536">CalculateField Albay_Crop12 MAPDATE "UNKNOWN" VB #</Process><Process ToolSource="c:\program files\arcgis\desktop10.1\ArcToolbox\Toolboxes\Data Management Tools.tbx\CalculateField" Date="20130802" Time="191542">CalculateField Albay_Crop12 MAPSCALE 50000 VB #</Process><Process ToolSource="c:\program files\arcgis\desktop10.1\ArcToolbox\Toolboxes\Data Management Tools.tbx\CalculateField" Date="20130802" Time="191551">CalculateField Albay_Crop12 PROVINCE "ALBAY" VB #</Process><Process ToolSource="c:\program files\arcgis\desktop10.1\ArcToolbox\Toolboxes\Data Management Tools.tbx\CalculateField" Date="20130802" Time="191602">CalculateField Albay_Crop12 CATEGORY "CROPZONE" VB #</Process><Process ToolSource="c:\program files\arcgis\desktop10.1\ArcToolbox\Toolboxes\Data Management Tools.tbx\CalculateField" Date="20130802" Time="191605">CalculateField Albay_Crop12 MAPTYPE "CROPZONE" VB #</Process><Process ToolSource="c:\program files\arcgis\desktop10.1\ArcToolbox\Toolboxes\Data Management Tools.tbx\CalculateField" Date="20130802" Time="191623">CalculateField Albay_Crop12 SOURCE "Albay_Crop12" VB #</Process><Process ToolSource="c:\program files\arcgis\desktop10.1\ArcToolbox\Toolboxes\Data Management Tools.tbx\CalculateField" Date="20130802" Time="191634">CalculateField Albay_Crop12 CLASS [Crop] VB #</Process></lineage><itemProps><itemLocation><linkage Sync="TRUE">file://\\gza-wsus\bswmgis\August_2_BSWM_Delivery-Resend\Albay_Crop12</linkage><protocol Sync="TRUE">Local Area Network</protocol></itemLocation></itemProps><copyHistory><copy source="\\gza-wsus\bswmgis\August_2_BSWM_Delivery\Albay_Crop12" dest="\\gza-wsus\bswmgis\August_2_BSWM_Delivery-Resend\Albay_Crop12" date="20130926" time="10440300"></copy></copyHistory></DataProperties><ArcGISstyle>FGDC CSDGM Metadata</ArcGISstyle></Esri></metadata>
