<?xml version="1.0" encoding="UTF-8"?>
<metadata xml:lang="en"><Esri><CreaDate>20131018</CreaDate><CreaTime>20441500</CreaTime><SyncOnce>TRUE</SyncOnce><DataProperties><lineage><Process ToolSource="c:\program files\arcgis\desktop10.1\ArcToolbox\Toolboxes\Data Management Tools.tbx\CalculateField" Date="20130802" Time="121633">CalculateField Batanes_CropZone4_3 CLASS [LMU] VB #</Process><Process ToolSource="C:\Program Files\ArcGIS\Desktop10.0\ArcToolbox\Toolboxes\Data Management Tools.tbx\CalculateField" Date="20130816" Time="110928">CalculateField Batanes_CropZone4 CATEGORY "AGRICULTURAL" VB #</Process><Process ToolSource="C:\Program Files\ArcGIS\Desktop10.0\ArcToolbox\Toolboxes\Data Management Tools.tbx\CalculateField" Date="20131015" Time="131234">CalculateField Batanes_CropZone4 DESCRIP [CATEGORY] VB #</Process></lineage><itemProps><itemLocation><linkage Sync="TRUE">file://\\gza-wsus\bswmgis\August_2_BSWM_Delivery-Resend\Batanes_CropZone4</linkage><protocol Sync="TRUE">Local Area Network</protocol></itemLocation></itemProps><copyHistory><copy source="\\gza-wsus\bswmgis\August_2_BSWM_Delivery\Batanes_CropZone4" dest="\\gza-wsus\bswmgis\August_2_BSWM_Delivery-Resend\Batanes_CropZone4" date="20131018" time="20441500"></copy></copyHistory></DataProperties><ArcGISstyle>FGDC CSDGM Metadata</ArcGISstyle></Esri></metadata>
