<?xml version="1.0" encoding="UTF-8"?>
<metadata xml:lang="en"><Esri><CreaDate>20130817</CreaDate><CreaTime>21474600</CreaTime><ArcGISFormat>1.0</ArcGISFormat><SyncOnce>TRUE</SyncOnce><DataProperties><lineage><Process Name="Add Field" ToolSource="c:\program files\arcgis\desktop10.1\ArcToolbox\Toolboxes\Data Management Tools.tbx\AddField" Date="20130520" Time="114930">AddField M:\Philippines\Cebu.gdb\Cebu_GeoM DESCRIP TEXT # # 254 # NULLABLE NON_REQUIRED #</Process><Process Name="Add Field (2)" ToolSource="c:\program files\arcgis\desktop10.1\ArcToolbox\Toolboxes\Data Management Tools.tbx\AddField" Date="20130520" Time="114933">AddField M:\Philippines\Cebu.gdb\Cebu_GeoM MAPDATE TEXT # # 10 # NULLABLE NON_REQUIRED #</Process><Process Name="Add Field (3)" ToolSource="c:\program files\arcgis\desktop10.1\ArcToolbox\Toolboxes\Data Management Tools.tbx\AddField" Date="20130520" Time="114935">AddField M:\Philippines\Cebu.gdb\Cebu_GeoM MAPSCALE LONG # # 10 # NULLABLE NON_REQUIRED #</Process><Process Name="Add Field (4)" ToolSource="c:\program files\arcgis\desktop10.1\ArcToolbox\Toolboxes\Data Management Tools.tbx\AddField" Date="20130520" Time="114938">AddField M:\Philippines\Cebu.gdb\Cebu_GeoM PROVINCE TEXT # # 50 # NULLABLE NON_REQUIRED #</Process><Process Name="Add Field (5)" ToolSource="c:\program files\arcgis\desktop10.1\ArcToolbox\Toolboxes\Data Management Tools.tbx\AddField" Date="20130520" Time="114941">AddField M:\Philippines\Cebu.gdb\Cebu_GeoM CATEGORY TEXT # # 254 # NULLABLE NON_REQUIRED #</Process><Process Name="Add Field (6)" ToolSource="c:\program files\arcgis\desktop10.1\ArcToolbox\Toolboxes\Data Management Tools.tbx\AddField" Date="20130520" Time="114943">AddField M:\Philippines\Cebu.gdb\Cebu_GeoM SOURCE TEXT # # 255 # NULLABLE NON_REQUIRED #</Process><Process Name="Add Field (7)" ToolSource="c:\program files\arcgis\desktop10.1\ArcToolbox\Toolboxes\Data Management Tools.tbx\AddField" Date="20130520" Time="114946">AddField M:\Philippines\Cebu.gdb\Cebu_GeoM MAPTYPE TEXT # # 50 # NULLABLE NON_REQUIRED #</Process><Process Name="Add Field (8)" ToolSource="c:\program files\arcgis\desktop10.1\ArcToolbox\Toolboxes\Data Management Tools.tbx\AddField" Date="20130520" Time="114949">AddField M:\Philippines\Cebu.gdb\Cebu_GeoM CLASS TEXT # # 15 # NULLABLE NON_REQUIRED #</Process><Process ToolSource="c:\program files\arcgis\desktop10.1\ArcToolbox\Toolboxes\Data Management Tools.tbx\CalculateField" Date="20130520" Time="141459">CalculateField Cebu_GeoM SOURCE "Cebu_GeoM10" VB #</Process><Process ToolSource="c:\program files\arcgis\desktop10.1\ArcToolbox\Toolboxes\Data Management Tools.tbx\CalculateField" Date="20130520" Time="142024">CalculateField Cebu_GeoM MAPTYPE "GEOMORPHIC" VB #</Process><Process ToolSource="c:\program files\arcgis\desktop10.1\ArcToolbox\Toolboxes\Data Management Tools.tbx\CalculateField" Date="20130520" Time="142116">CalculateField Cebu_GeoM PROVINCE "GEOMORPHIC MAP" VB #</Process><Process ToolSource="c:\program files\arcgis\desktop10.1\ArcToolbox\Toolboxes\Data Management Tools.tbx\CalculateField" Date="20130520" Time="142132">CalculateField Cebu_GeoM MAPSCALE 50000 VB #</Process><Process ToolSource="c:\program files\arcgis\desktop10.1\ArcToolbox\Toolboxes\Data Management Tools.tbx\CalculateField" Date="20130520" Time="142151">CalculateField Cebu_GeoM MAPDATE "11/1/1984" VB #</Process><Process ToolSource="c:\program files\arcgis\desktop10.1\ArcToolbox\Toolboxes\Data Management Tools.tbx\CalculateField" Date="20130520" Time="142602">CalculateField Cebu_GeoM CATEGORY "NOT LISTED ON MAP LEGEND" VB #</Process><Process ToolSource="c:\program files\arcgis\desktop10.1\ArcToolbox\Toolboxes\Data Management Tools.tbx\CalculateField" Date="20130520" Time="142608">CalculateField Cebu_GeoM DESCRIP "NOT LISTED ON MAP LEGEND" VB #</Process><Process ToolSource="c:\program files\arcgis\desktop10.1\ArcToolbox\Toolboxes\Data Management Tools.tbx\CalculateField" Date="20130520" Time="142652">CalculateField Cebu_GeoM CATEGORY "MANGROVE AND/OR NIPA" VB #</Process><Process ToolSource="c:\program files\arcgis\desktop10.1\ArcToolbox\Toolboxes\Data Management Tools.tbx\CalculateField" Date="20130520" Time="142659">CalculateField Cebu_GeoM DESCRIP "NOT LISTED ON MAP LEGEND" VB #</Process><Process ToolSource="c:\program files\arcgis\desktop10.1\ArcToolbox\Toolboxes\Data Management Tools.tbx\CalculateField" Date="20130520" Time="142814">CalculateField Cebu_GeoM CATEGORY "ACTIVE TIDAL FLAT WITH MANGROVE AND" VB #</Process><Process ToolSource="c:\program files\arcgis\desktop10.1\ArcToolbox\Toolboxes\Data Management Tools.tbx\CalculateField" Date="20130520" Time="142825">CalculateField Cebu_GeoM DESCRIP "MANGROVE AND/OR NIPA" VB #</Process><Process ToolSource="c:\program files\arcgis\desktop10.1\ArcToolbox\Toolboxes\Data Management Tools.tbx\CalculateField" Date="20130520" Time="142851">CalculateField Cebu_GeoM CATEGORY "RESIDUAL SLOPES" VB #</Process><Process ToolSource="c:\program files\arcgis\desktop10.1\ArcToolbox\Toolboxes\Data Management Tools.tbx\CalculateField" Date="20130520" Time="142905">CalculateField Cebu_GeoM DESCRIP "NEARLY LEVEL TO GENTLY SLOPING LIMESTONE AREA" VB #</Process><Process ToolSource="c:\program files\arcgis\desktop10.1\ArcToolbox\Toolboxes\Data Management Tools.tbx\CalculateField" Date="20130520" Time="142954">CalculateField Cebu_GeoM PROVINCE "CEBU" VB #</Process><Process ToolSource="c:\program files\arcgis\desktop10.1\ArcToolbox\Toolboxes\Data Management Tools.tbx\CalculateField" Date="20130520" Time="143048">CalculateField Cebu_GeoM DESCRIP "COASTAL LIMESTONE TERRACE" VB #</Process><Process ToolSource="c:\program files\arcgis\desktop10.1\ArcToolbox\Toolboxes\Data Management Tools.tbx\CalculateField" Date="20130520" Time="143119">CalculateField Cebu_GeoM CATEGORY "KARST PLAIN" VB #</Process><Process ToolSource="c:\program files\arcgis\desktop10.1\ArcToolbox\Toolboxes\Data Management Tools.tbx\CalculateField" Date="20130520" Time="143128">CalculateField Cebu_GeoM DESCRIP "KARST PLAIN" VB #</Process><Process ToolSource="c:\program files\arcgis\desktop10.1\ArcToolbox\Toolboxes\Data Management Tools.tbx\CalculateField" Date="20130520" Time="143204">CalculateField Cebu_GeoM CATEGORY "PLATEAU" VB #</Process><Process ToolSource="c:\program files\arcgis\desktop10.1\ArcToolbox\Toolboxes\Data Management Tools.tbx\CalculateField" Date="20130520" Time="143223">CalculateField Cebu_GeoM DESCRIP "SEDIMENTARY PLATEAU" VB #</Process><Process ToolSource="c:\program files\arcgis\desktop10.1\ArcToolbox\Toolboxes\Data Management Tools.tbx\CalculateField" Date="20130520" Time="143300">CalculateField Cebu_GeoM CATEGORY "SEDIMENTARY HILLS" VB #</Process><Process ToolSource="c:\program files\arcgis\desktop10.1\ArcToolbox\Toolboxes\Data Management Tools.tbx\CalculateField" Date="20130520" Time="143323">CalculateField Cebu_GeoM DESCRIP "SLIGHTLY DISSECTED LIMESTONE HILLS, LOW RELIEF" VB #</Process><Process ToolSource="c:\program files\arcgis\desktop10.1\ArcToolbox\Toolboxes\Data Management Tools.tbx\CalculateField" Date="20130520" Time="143856">CalculateField Cebu_GeoM DESCRIP "MODERATELY DISSECTED LIMESTONE HILLS WITH STEEP ESCARPMENTS FRINGING ALONG DRAINAGE CHANNELS, HIGH RELIEF" VB #</Process><Process ToolSource="c:\program files\arcgis\desktop10.1\ArcToolbox\Toolboxes\Data Management Tools.tbx\CalculateField" Date="20130520" Time="143943">CalculateField Cebu_GeoM DESCRIP "SLIGHTLY DISSECTED TERRAIN ON LIMY SHALE/SANDSTONE, LOW RELIEF" VB #</Process><Process ToolSource="c:\program files\arcgis\desktop10.1\ArcToolbox\Toolboxes\Data Management Tools.tbx\CalculateField" Date="20130520" Time="144030">CalculateField Cebu_GeoM DESCRIP "MODERATELY DISSECTED TERRAIN ON LIMY SHALE/SANDSTONE, HIGH RELIEF" VB #</Process><Process ToolSource="c:\program files\arcgis\desktop10.1\ArcToolbox\Toolboxes\Data Management Tools.tbx\CalculateField" Date="20130520" Time="144105">CalculateField Cebu_GeoM DESCRIP "MINOR KARST WITH PREDOMINANT SINKHOLES AND NARROW INFILLED VALLEYS" VB #</Process><Process ToolSource="c:\program files\arcgis\desktop10.1\ArcToolbox\Toolboxes\Data Management Tools.tbx\CalculateField" Date="20130520" Time="144135">CalculateField Cebu_GeoM DESCRIP "MAJOR KARST" VB #</Process><Process ToolSource="c:\program files\arcgis\desktop10.1\ArcToolbox\Toolboxes\Data Management Tools.tbx\CalculateField" Date="20130520" Time="144205">CalculateField Cebu_GeoM CATEGORY "BROAD ALLUVIAL PLAINS" VB #</Process><Process ToolSource="c:\program files\arcgis\desktop10.1\ArcToolbox\Toolboxes\Data Management Tools.tbx\CalculateField" Date="20130520" Time="144221">CalculateField Cebu_GeoM DESCRIP "UPPER RIVER TERRACE" VB #</Process><Process ToolSource="c:\program files\arcgis\desktop10.1\ArcToolbox\Toolboxes\Data Management Tools.tbx\CalculateField" Date="20130520" Time="144402">CalculateField Cebu_GeoM DESCRIP "LOWER RIVER TERRACE" VB #</Process><Process ToolSource="c:\program files\arcgis\desktop10.1\ArcToolbox\Toolboxes\Data Management Tools.tbx\CalculateField" Date="20130520" Time="144453">CalculateField Cebu_GeoM CATEGORY "MOUNTAINS" VB #</Process><Process ToolSource="c:\program files\arcgis\desktop10.1\ArcToolbox\Toolboxes\Data Management Tools.tbx\CalculateField" Date="20130520" Time="144517">CalculateField Cebu_GeoM DESCRIP "HIGHLY DISSECTED STEEP TO VERY STEEP LIMESTONE MOUNTAIN" VB #</Process><Process ToolSource="c:\program files\arcgis\desktop10.1\ArcToolbox\Toolboxes\Data Management Tools.tbx\CalculateField" Date="20130520" Time="144559">CalculateField Cebu_GeoM DESCRIP "HIGHLY DISSECTED STEEP TO VERY STEEP AND SHARP PEAKED/RIDGED META-VOLCANIC MOUNTAIN" VB #</Process><Process ToolSource="c:\program files\arcgis\desktop10.1\ArcToolbox\Toolboxes\Data Management Tools.tbx\CalculateField" Date="20130520" Time="144750">CalculateField Cebu_GeoM PROVINCE "CEBU" VB #</Process><Process ToolSource="c:\program files (x86)\arcgis\desktop10.1\ArcToolbox\Toolboxes\Data Management Tools.tbx\CalculateField" Date="20130722" Time="143057">CalculateField Cebu_GeoM_ply SOURCE "Cebu_GeoM1" VB #</Process><Process ToolSource="c:\program files (x86)\arcgis\desktop10.1\ArcToolbox\Toolboxes\Data Management Tools.tbx\CalculateField" Date="20130722" Time="143319">CalculateField Cebu_GeoM_ply SOURCE "Cebu_GeoM2" VB #</Process><Process ToolSource="c:\program files (x86)\arcgis\desktop10.1\ArcToolbox\Toolboxes\Data Management Tools.tbx\CalculateField" Date="20130722" Time="143541">CalculateField Cebu_GeoM_ply SOURCE "Cebu_GeoM3" VB #</Process><Process ToolSource="c:\program files (x86)\arcgis\desktop10.1\ArcToolbox\Toolboxes\Data Management Tools.tbx\CalculateField" Date="20130722" Time="143954">CalculateField Cebu_GeoM_ply SOURCE "Cebu_GeoM4" VB #</Process><Process ToolSource="c:\program files (x86)\arcgis\desktop10.1\ArcToolbox\Toolboxes\Data Management Tools.tbx\CalculateField" Date="20130722" Time="144215">CalculateField Cebu_GeoM_ply SOURCE "Cebu_GeoM5" VB #</Process><Process ToolSource="c:\program files (x86)\arcgis\desktop10.1\ArcToolbox\Toolboxes\Data Management Tools.tbx\CalculateField" Date="20130722" Time="145027">CalculateField Cebu_GeoM_ply SOURCE "Cebu_GeoM6" VB #</Process><Process ToolSource="c:\program files (x86)\arcgis\desktop10.1\ArcToolbox\Toolboxes\Data Management Tools.tbx\CalculateField" Date="20130722" Time="145350">CalculateField Cebu_GeoM_ply SOURCE "Cebu_GeoM7" VB #</Process><Process ToolSource="c:\program files (x86)\arcgis\desktop10.1\ArcToolbox\Toolboxes\Data Management Tools.tbx\CalculateField" Date="20130722" Time="145515">CalculateField Cebu_GeoM_ply SOURCE "Cebu_GeoM8" VB #</Process><Process ToolSource="c:\program files (x86)\arcgis\desktop10.1\ArcToolbox\Toolboxes\Data Management Tools.tbx\CalculateField" Date="20130722" Time="145728">CalculateField Cebu_GeoM_ply SOURCE "Cebu_GeoM9" VB #</Process><Process ToolSource="c:\program files (x86)\arcgis\desktop10.1\ArcToolbox\Toolboxes\Data Management Tools.tbx\CalculateField" Date="20130722" Time="150024">CalculateField Cebu_GeoM_ply SOURCE "Cebu_GeoM11" VB #</Process><Process ToolSource="c:\program files (x86)\arcgis\desktop10.1\ArcToolbox\Toolboxes\Data Management Tools.tbx\CalculateField" Date="20130722" Time="154428">CalculateField Cebu_GeoM_ply SOURCE "Cebu_GeoM12" VB #</Process><Process ToolSource="c:\program files (x86)\arcgis\desktop10.1\ArcToolbox\Toolboxes\Data Management Tools.tbx\CalculateField" Date="20130722" Time="154641">CalculateField Cebu_GeoM_ply SOURCE "Cebu_GeoM13" VB #</Process><Process ToolSource="c:\program files (x86)\arcgis\desktop10.1\ArcToolbox\Toolboxes\Data Management Tools.tbx\CalculateField" Date="20130722" Time="154925">CalculateField Cebu_GeoM_ply SOURCE "Cebu_GeoM14" VB #</Process><Process ToolSource="c:\program files (x86)\arcgis\desktop10.1\ArcToolbox\Toolboxes\Data Management Tools.tbx\CalculateField" Date="20130722" Time="155320">CalculateField Cebu_GeoM_ply SOURCE "Cebu_GeoM15" VB #</Process><Process ToolSource="c:\program files (x86)\arcgis\desktop10.1\ArcToolbox\Toolboxes\Data Management Tools.tbx\CalculateField" Date="20130722" Time="155520">CalculateField Cebu_GeoM_ply SOURCE "Cebu_GeoM16" VB #</Process><Process ToolSource="c:\program files (x86)\arcgis\desktop10.1\ArcToolbox\Toolboxes\Data Management Tools.tbx\CalculateField" Date="20130722" Time="155803">CalculateField Cebu_GeoM_ply SOURCE "Cebu_GeoM17" VB #</Process><Process ToolSource="c:\program files (x86)\arcgis\desktop10.1\ArcToolbox\Toolboxes\Data Management Tools.tbx\CalculateField" Date="20130722" Time="160159">CalculateField Cebu_GeoM_ply SOURCE "Cebu_GeoM18" VB #</Process><Process ToolSource="c:\program files (x86)\arcgis\desktop10.1\ArcToolbox\Toolboxes\Data Management Tools.tbx\CalculateField" Date="20130722" Time="160924">CalculateField Cebu_GeoM_ply SOURCE "Cebu_GeoM19" VB #</Process><Process ToolSource="c:\program files (x86)\arcgis\desktop10.1\ArcToolbox\Toolboxes\Data Management Tools.tbx\CalculateField" Date="20130722" Time="161158">CalculateField Cebu_GeoM_ply SOURCE "Cebu_GeoM20" VB #</Process><Process ToolSource="c:\program files (x86)\arcgis\desktop10.1\ArcToolbox\Toolboxes\Data Management Tools.tbx\CalculateField" Date="20130722" Time="162125">CalculateField Cebu_GeoM_ply SOURCE "Cebu_GeoM21" VB #</Process><Process ToolSource="c:\program files (x86)\arcgis\desktop10.1\ArcToolbox\Toolboxes\Data Management Tools.tbx\CalculateField" Date="20130722" Time="162326">CalculateField Cebu_GeoM_ply SOURCE "Cebu_GeoM22" VB #</Process><Process ToolSource="c:\program files (x86)\arcgis\desktop10.1\ArcToolbox\Toolboxes\Data Management Tools.tbx\CalculateField" Date="20130722" Time="162629">CalculateField Cebu_GeoM_ply SOURCE "Cebu_GeoM23" VB #</Process><Process ToolSource="c:\program files (x86)\arcgis\desktop10.1\ArcToolbox\Toolboxes\Data Management Tools.tbx\CalculateField" Date="20130722" Time="162806">CalculateField Cebu_GeoM_ply SOURCE "Cebu_GeoM24" VB #</Process><Process ToolSource="c:\program files\arcgis\desktop10.1\ArcToolbox\Toolboxes\Data Management Tools.tbx\CalculateField" Date="20130801" Time="123213">CalculateField Cebu_GeoM_ply SOURCE "Cebu_GeoM1" VB #</Process><Process ToolSource="c:\program files\arcgis\desktop10.1\ArcToolbox\Toolboxes\Data Management Tools.tbx\CalculateField" Date="20130801" Time="124137">CalculateField Cebu_GeoM_ply SOURCE "Cebu_GeoM2" VB #</Process><Process ToolSource="c:\program files\arcgis\desktop10.1\ArcToolbox\Toolboxes\Data Management Tools.tbx\CalculateField" Date="20130801" Time="131352">CalculateField Cebu_GeoM_ply SOURCE "Cebu_GeoM3" VB #</Process><Process ToolSource="c:\program files\arcgis\desktop10.1\ArcToolbox\Toolboxes\Data Management Tools.tbx\CalculateField" Date="20130801" Time="134807">CalculateField Cebu_GeoM_ply SOURCE "Cebu_GeoM4" VB #</Process><Process ToolSource="c:\program files\arcgis\desktop10.1\ArcToolbox\Toolboxes\Data Management Tools.tbx\CalculateField" Date="20130801" Time="142649">CalculateField Cebu_GeoM_ply SOURCE "Cebu_GeoM5" VB #</Process><Process ToolSource="c:\program files\arcgis\desktop10.1\ArcToolbox\Toolboxes\Data Management Tools.tbx\CalculateField" Date="20130801" Time="144127">CalculateField Cebu_GeoM_ply SOURCE "Cebu_GeoM6" VB #</Process><Process ToolSource="c:\program files\arcgis\desktop10.1\ArcToolbox\Toolboxes\Data Management Tools.tbx\CalculateField" Date="20130801" Time="150049">CalculateField Cebu_GeoM_ply SOURCE "Cebu_GeoM7" VB #</Process><Process ToolSource="c:\program files\arcgis\desktop10.1\ArcToolbox\Toolboxes\Data Management Tools.tbx\CalculateField" Date="20130801" Time="150516">CalculateField Cebu_GeoM_ply SOURCE "Cebu_GeoM8" VB #</Process><Process ToolSource="c:\program files\arcgis\desktop10.1\ArcToolbox\Toolboxes\Data Management Tools.tbx\CalculateField" Date="20130801" Time="151647">CalculateField Cebu_GeoM_ply SOURCE "Cebu_GeoM9" VB #</Process><Process ToolSource="c:\program files\arcgis\desktop10.1\ArcToolbox\Toolboxes\Data Management Tools.tbx\CalculateField" Date="20130801" Time="160254">CalculateField Cebu_GeoM_ply SOURCE "Cebu_GeoM11" VB #</Process><Process ToolSource="c:\program files\arcgis\desktop10.1\ArcToolbox\Toolboxes\Data Management Tools.tbx\CalculateField" Date="20130801" Time="161436">CalculateField Cebu_GeoM_ply SOURCE "Cebu_GeoM12" VB #</Process><Process ToolSource="c:\program files\arcgis\desktop10.1\ArcToolbox\Toolboxes\Data Management Tools.tbx\CalculateField" Date="20130801" Time="162646">CalculateField Cebu_GeoM_ply SOURCE "Cebu_GeoM13" VB #</Process><Process ToolSource="c:\program files\arcgis\desktop10.1\ArcToolbox\Toolboxes\Data Management Tools.tbx\CalculateField" Date="20130801" Time="164248">CalculateField Cebu_GeoM_ply SOURCE "Cebu_GeoM14" VB #</Process><Process ToolSource="c:\program files\arcgis\desktop10.1\ArcToolbox\Toolboxes\Data Management Tools.tbx\CalculateField" Date="20130802" Time="073444">CalculateField Cebu_GeoM_ply SOURCE "Cebu_GeoM15" VB #</Process><Process ToolSource="c:\program files\arcgis\desktop10.1\ArcToolbox\Toolboxes\Data Management Tools.tbx\CalculateField" Date="20130802" Time="075605">CalculateField Cebu_GeoM_ply SOURCE "Cebu_GeoM16" VB #</Process><Process ToolSource="c:\program files\arcgis\desktop10.1\ArcToolbox\Toolboxes\Data Management Tools.tbx\CalculateField" Date="20130802" Time="094348">CalculateField Cebu_GeoM_ply SOURCE "Cebu_GeoM17" VB #</Process><Process ToolSource="c:\program files\arcgis\desktop10.1\ArcToolbox\Toolboxes\Data Management Tools.tbx\CalculateField" Date="20130802" Time="101255">CalculateField Cebu_GeoM_ply SOURCE "Cebu_GeoM18" VB #</Process><Process ToolSource="c:\program files\arcgis\desktop10.1\ArcToolbox\Toolboxes\Data Management Tools.tbx\CalculateField" Date="20130802" Time="105106">CalculateField Cebu_GeoM_ply SOURCE "Cebu_GeoM19" VB #</Process><Process ToolSource="c:\program files\arcgis\desktop10.1\ArcToolbox\Toolboxes\Data Management Tools.tbx\CalculateField" Date="20130802" Time="112629">CalculateField Cebu_GeoM_ply SOURCE "Cebu_GeoM20" VB #</Process><Process ToolSource="c:\program files\arcgis\desktop10.1\ArcToolbox\Toolboxes\Data Management Tools.tbx\CalculateField" Date="20130802" Time="112637">CalculateField Cebu_GeoM_ply SOURCE "Cebu_GeoM20" VB #</Process><Process ToolSource="c:\program files\arcgis\desktop10.1\ArcToolbox\Toolboxes\Data Management Tools.tbx\CalculateField" Date="20130802" Time="123659">CalculateField Cebu_GeoM_ply SOURCE "Cebu_GeoM21" VB #</Process><Process ToolSource="c:\program files\arcgis\desktop10.1\ArcToolbox\Toolboxes\Data Management Tools.tbx\CalculateField" Date="20130802" Time="130850">CalculateField Cebu_GeoM_ply SOURCE "Cebu_GeoM22" VB #</Process><Process ToolSource="c:\program files\arcgis\desktop10.1\ArcToolbox\Toolboxes\Data Management Tools.tbx\CalculateField" Date="20130802" Time="132839">CalculateField Cebu_GeoM_ply SOURCE "Cebu_GeoM23" VB #</Process><Process ToolSource="c:\program files\arcgis\desktop10.1\ArcToolbox\Toolboxes\Data Management Tools.tbx\CalculateField" Date="20130802" Time="133703">CalculateField Cebu_GeoM_ply PROVINCE "CEBU" VB #</Process><Process ToolSource="c:\program files\arcgis\desktop10.1\ArcToolbox\Toolboxes\Data Management Tools.tbx\CalculateField" Date="20130802" Time="133713">CalculateField Cebu_GeoM_ply MAPSCALE "50000" VB #</Process><Process ToolSource="c:\program files\arcgis\desktop10.1\ArcToolbox\Toolboxes\Data Management Tools.tbx\CalculateField" Date="20130802" Time="133723">CalculateField Cebu_GeoM_ply MAPDATE "11/1/1984" VB #</Process><Process ToolSource="c:\program files\arcgis\desktop10.1\ArcToolbox\Toolboxes\Data Management Tools.tbx\CalculateField" Date="20130802" Time="133852">CalculateField Cebu_GeoM_ply CATEGORY "ACTIVE TIDAL FLAT WITH MANGROVE" VB #</Process><Process ToolSource="c:\program files\arcgis\desktop10.1\ArcToolbox\Toolboxes\Data Management Tools.tbx\CalculateField" Date="20130802" Time="133907">CalculateField Cebu_GeoM_ply DESCRIP "FISHPOND" VB #</Process><Process ToolSource="c:\program files\arcgis\desktop10.1\ArcToolbox\Toolboxes\Data Management Tools.tbx\CalculateField" Date="20130802" Time="133936">CalculateField Cebu_GeoM_ply CATEGORY "ACTIVE TIDAL FLAT WITH MANGROVE" VB #</Process><Process ToolSource="c:\program files\arcgis\desktop10.1\ArcToolbox\Toolboxes\Data Management Tools.tbx\CalculateField" Date="20130802" Time="133955">CalculateField Cebu_GeoM_ply DESCRIP "MANGROVE AND/OR NIPA" VB #</Process><Process ToolSource="c:\program files\arcgis\desktop10.1\ArcToolbox\Toolboxes\Data Management Tools.tbx\CalculateField" Date="20130802" Time="134016">CalculateField Cebu_GeoM_ply CATEGORY "BROAD ALLUVIAL PLAINS" VB #</Process><Process ToolSource="c:\program files\arcgis\desktop10.1\ArcToolbox\Toolboxes\Data Management Tools.tbx\CalculateField" Date="20130802" Time="134038">CalculateField Cebu_GeoM_ply DESCRIP "UPPER RIVER TERRACE" VB #</Process><Process ToolSource="c:\program files\arcgis\desktop10.1\ArcToolbox\Toolboxes\Data Management Tools.tbx\CalculateField" Date="20130802" Time="134057">CalculateField Cebu_GeoM_ply DESCRIP "LOWER RIVER TERRACE" VB #</Process><Process ToolSource="c:\program files\arcgis\desktop10.1\ArcToolbox\Toolboxes\Data Management Tools.tbx\CalculateField" Date="20130802" Time="134118">CalculateField Cebu_GeoM_ply DESCRIP "COASTAL ALLUVIAL PLAIN" VB #</Process><Process ToolSource="c:\program files\arcgis\desktop10.1\ArcToolbox\Toolboxes\Data Management Tools.tbx\CalculateField" Date="20130802" Time="134155">CalculateField Cebu_GeoM_ply CATEGORY "RESIDUAL SLOPES" VB #</Process><Process ToolSource="c:\program files\arcgis\desktop10.1\ArcToolbox\Toolboxes\Data Management Tools.tbx\CalculateField" Date="20130802" Time="134215">CalculateField Cebu_GeoM_ply DESCRIP "NEARLY LEVEL TO GENTLY SLOPING LIMESTONE AREA" VB #</Process><Process ToolSource="c:\program files\arcgis\desktop10.1\ArcToolbox\Toolboxes\Data Management Tools.tbx\CalculateField" Date="20130802" Time="134233">CalculateField Cebu_GeoM_ply CATEGORY "RESIDUAL SLOPES" VB #</Process><Process ToolSource="c:\program files\arcgis\desktop10.1\ArcToolbox\Toolboxes\Data Management Tools.tbx\CalculateField" Date="20130802" Time="134247">CalculateField Cebu_GeoM_ply DESCRIP "COASTAL LIMESTONE TERRACE" VB #</Process><Process ToolSource="c:\program files\arcgis\desktop10.1\ArcToolbox\Toolboxes\Data Management Tools.tbx\CalculateField" Date="20130802" Time="134432">CalculateField Cebu_GeoM_ply CATEGORY "KARST PLAIN" VB #</Process><Process ToolSource="c:\program files\arcgis\desktop10.1\ArcToolbox\Toolboxes\Data Management Tools.tbx\CalculateField" Date="20130802" Time="134444">CalculateField Cebu_GeoM_ply DESCRIP "KARST PLAIN" VB #</Process><Process ToolSource="c:\program files\arcgis\desktop10.1\ArcToolbox\Toolboxes\Data Management Tools.tbx\CalculateField" Date="20130802" Time="134541">CalculateField Cebu_GeoM_ply CATEGORY "SEDIMENTARY HILLS" VB #</Process><Process ToolSource="c:\program files\arcgis\desktop10.1\ArcToolbox\Toolboxes\Data Management Tools.tbx\CalculateField" Date="20130802" Time="134606">CalculateField Cebu_GeoM_ply DESCRIP "SLIGHTLY DISSECTED LIMESONE HILLS, LOW RELIEF" VB #</Process><Process ToolSource="c:\program files\arcgis\desktop10.1\ArcToolbox\Toolboxes\Data Management Tools.tbx\CalculateField" Date="20130802" Time="143625">CalculateField Cebu_GeoM_ply CLASS "SLIGHTLY DISSECTED LIMESONE HILLS, LOW RELIEF" VB #</Process><Process ToolSource="c:\program files\arcgis\desktop10.1\ArcToolbox\Toolboxes\Data Management Tools.tbx\CalculateField" Date="20130802" Time="143659">CalculateField Cebu_GeoM_ply CATEGORY "SEDIMENTARY HILLS" VB #</Process><Process ToolSource="c:\program files\arcgis\desktop10.1\ArcToolbox\Toolboxes\Data Management Tools.tbx\CalculateField" Date="20130802" Time="143822">CalculateField Cebu_GeoM_ply DESCRIP "MODERATELY DISSECTED LIMESTONE HILLS WITH STEEP ESCARPMENTS FRINGING ALONG DRAINAGE CHANNELS, HIGH RELIEF" VB #</Process><Process ToolSource="c:\program files\arcgis\desktop10.1\ArcToolbox\Toolboxes\Data Management Tools.tbx\CalculateField" Date="20130802" Time="143906">CalculateField Cebu_GeoM_ply CLASS "SEDIMENTARY HILLS" VB #</Process><Process ToolSource="c:\program files\arcgis\desktop10.1\ArcToolbox\Toolboxes\Data Management Tools.tbx\CalculateField" Date="20130802" Time="143918">CalculateField Cebu_GeoM_ply CATEGORY "SEDIMENTARY HILLS" VB #</Process><Process ToolSource="c:\program files\arcgis\desktop10.1\ArcToolbox\Toolboxes\Data Management Tools.tbx\CalculateField" Date="20130802" Time="143944">CalculateField Cebu_GeoM_ply DESCRIP "SLIGHTLY DISSECTED TERRAIN ON LIMY SHALE/SANDSTONE, LOW RELIEF" VB #</Process><Process ToolSource="c:\program files\arcgis\desktop10.1\ArcToolbox\Toolboxes\Data Management Tools.tbx\CalculateField" Date="20130802" Time="144009">CalculateField Cebu_GeoM_ply CATEGORY "SEDIMENTARY HILLS" VB #</Process><Process ToolSource="c:\program files\arcgis\desktop10.1\ArcToolbox\Toolboxes\Data Management Tools.tbx\CalculateField" Date="20130802" Time="144040">CalculateField Cebu_GeoM_ply DESCRIP "MODERATELY DISSECTED TERRAIN ON LIMY SHALE/SANDSTONE, HIGH RELIEF" VB #</Process><Process ToolSource="c:\program files\arcgis\desktop10.1\ArcToolbox\Toolboxes\Data Management Tools.tbx\CalculateField" Date="20130802" Time="144338">CalculateField Cebu_GeoM_ply CATEGORY "SEDIMENTARY HILLS" VB #</Process><Process ToolSource="c:\program files\arcgis\desktop10.1\ArcToolbox\Toolboxes\Data Management Tools.tbx\CalculateField" Date="20130802" Time="144355">CalculateField Cebu_GeoM_ply DESCRIP "MINOR KARST WITH PREDOMINANT SINKHOLES AND NARROW INFILLED VALLEYS" VB #</Process><Process ToolSource="c:\program files\arcgis\desktop10.1\ArcToolbox\Toolboxes\Data Management Tools.tbx\CalculateField" Date="20130802" Time="144417">CalculateField Cebu_GeoM_ply CATEGORY "SEDIMENTARY HILLS" VB #</Process><Process ToolSource="c:\program files\arcgis\desktop10.1\ArcToolbox\Toolboxes\Data Management Tools.tbx\CalculateField" Date="20130802" Time="144437">CalculateField Cebu_GeoM_ply DESCRIP "HIGH DENUDATIONAL LIMESTONE HILLS" VB #</Process><Process ToolSource="c:\program files\arcgis\desktop10.1\ArcToolbox\Toolboxes\Data Management Tools.tbx\CalculateField" Date="20130802" Time="144501">CalculateField Cebu_GeoM_ply CATEGORY "SEDIMENTARY HILLS" VB #</Process><Process ToolSource="c:\program files\arcgis\desktop10.1\ArcToolbox\Toolboxes\Data Management Tools.tbx\CalculateField" Date="20130802" Time="144513">CalculateField Cebu_GeoM_ply DESCRIP "MAJOR KARST" VB #</Process><Process ToolSource="c:\program files\arcgis\desktop10.1\ArcToolbox\Toolboxes\Data Management Tools.tbx\CalculateField" Date="20130802" Time="144704">CalculateField Cebu_GeoM_ply CATEGORY "UNKNOWN" VB #</Process><Process ToolSource="c:\program files\arcgis\desktop10.1\ArcToolbox\Toolboxes\Data Management Tools.tbx\CalculateField" Date="20130802" Time="144722">CalculateField Cebu_GeoM_ply CATEGORY "UNKNOWN" VB #</Process><Process ToolSource="c:\program files\arcgis\desktop10.1\ArcToolbox\Toolboxes\Data Management Tools.tbx\CalculateField" Date="20130802" Time="144727">CalculateField Cebu_GeoM_ply DESCRIP "UNKNOWN" VB #</Process><Process ToolSource="c:\program files (x86)\arcgis\desktop10.1\ArcToolbox\Toolboxes\Data Management Tools.tbx\CalculateField" Date="20130809" Time="073536">CalculateField Cebu_GeoM_ply MAPTYPE "GEOMORPHIC" VB #</Process><Process ToolSource="c:\program files (x86)\arcgis\desktop10.1\ArcToolbox\Toolboxes\Data Management Tools.tbx\Project" Date="20130809" Time="081311">Project M:\Philippines\Cebu.gdb\Cebu_GeoM_ply M:\Philippines\PROJECTED_DELIVERED_FINAL425.gdb\Cebu_GeoM_ply_Project GEOGCS['GCS_Luzon_1911',DATUM['D_Luzon_1911',SPHEROID['Clarke_1866',6378206.4,294.9786982]],PRIMEM['Greenwich',0.0],UNIT['Degree',0.0174532925199433],METADATA['Philippines - onshore',116.9,5.0,126.65,19.44,0.0,0.0174532925199433,0.0,3969]] Luzon_1911_To_WGS_1984_1 GEOGCS['GCS_WGS_1984',DATUM['D_WGS_1984',SPHEROID['WGS_1984',6378137.0,298.257223563]],PRIMEM['Greenwich',0.0],UNIT['Degree',0.0174532925199433],METADATA['World',-180.0,-90.0,180.0,90.0,0.0,0.0174532925199433,0.0,1262]]</Process><Process ToolSource="c:\program files (x86)\arcgis\desktop10.1\ArcToolbox\Toolboxes\Data Management Tools.tbx\CalculateField" Date="20130817" Time="214426">CalculateField Cebu_GeoM_ply_Project SOURCE "Cebu_GeoM24" VB #</Process></lineage><itemProps><itemLocation><linkage Sync="TRUE">file://\\pacific\production\Philippines\PROJECTED_DELIVERED_FINAL425.gdb</linkage><protocol Sync="TRUE">Local Area Network</protocol></itemLocation></itemProps></DataProperties><ArcGISstyle>ISO 19139 Metadata Implementation Specification</ArcGISstyle></Esri></metadata>
