<?xml version="1.0" encoding="UTF-8"?>
<metadata xml:lang="en"><Esri><CreaDate>20130825</CreaDate><CreaTime>18123900</CreaTime><ArcGISFormat>1.0</ArcGISFormat><SyncOnce>TRUE</SyncOnce><DataProperties><lineage><Process ToolSource="c:\program files\arcgis\desktop10.1\ArcToolbox\Toolboxes\Data Management Tools.tbx\CalculateField" Date="20130814" Time="192155">CalculateField Masbate_CropZone20 CLASS [Crop] VB #</Process><Process Name="Calculate 'MAPDATE' Field as String" ToolSource="C:\Program Files\ArcGIS\Desktop10.0\ArcToolbox\Toolboxes\Data Management Tools.tbx\CalculateField" Date="20130814" Time="202341">CalculateField \\gza-wsus\bswmgis\Masbate\Deliver\Masbate_CropZone20.shp MAPDATE "1988" VB #</Process><Process Name="Calculate Province Name Field" ToolSource="C:\Program Files\ArcGIS\Desktop10.0\ArcToolbox\Toolboxes\Data Management Tools.tbx\CalculateField" Date="20130814" Time="202341">CalculateField \\gza-wsus\bswmgis\Masbate\Deliver\Masbate_CropZone20.shp PROVINCE "MASBATE" VB #</Process><Process Name="Calculate Map Scale Field" ToolSource="C:\Program Files\ArcGIS\Desktop10.0\ArcToolbox\Toolboxes\Data Management Tools.tbx\CalculateField" Date="20130814" Time="202341">CalculateField \\gza-wsus\bswmgis\Masbate\Deliver\Masbate_CropZone20.shp MAPSCALE 50000 VB #</Process><Process Name="Calculate MAPTYPE Field" ToolSource="C:\Program Files\ArcGIS\Desktop10.0\ArcToolbox\Toolboxes\Data Management Tools.tbx\CalculateField" Date="20130814" Time="202341">CalculateField \\gza-wsus\bswmgis\Masbate\Deliver\Masbate_CropZone20.shp MAPTYPE 'CROP ZONE' PYTHON #</Process><Process Name="Calculate SOURCE Field" ToolSource="C:\Program Files\ArcGIS\Desktop10.0\ArcToolbox\Toolboxes\Data Management Tools.tbx\CalculateField" Date="20130814" Time="202341">CalculateField \\gza-wsus\bswmgis\Masbate\Deliver\Masbate_CropZone20.shp SOURCE 'Masbate_CropZone20' PYTHON #</Process><Process ToolSource="C:\Program Files\ArcGIS\Desktop10.0\ArcToolbox\Toolboxes\Data Management Tools.tbx\CalculateField" Date="20130814" Time="202404">CalculateField Masbate_CropZone20 CATEGORY "NOT ON LEGEND" VB #</Process><Process ToolSource="C:\Program Files\ArcGIS\Desktop10.0\ArcToolbox\Toolboxes\Data Management Tools.tbx\CalculateField" Date="20130814" Time="202414">CalculateField Masbate_CropZone20 CATEGORY "NOT ON LEGEND" VB #</Process><Process ToolSource="C:\Program Files\ArcGIS\Desktop10.0\ArcToolbox\Toolboxes\Data Management Tools.tbx\CalculateField" Date="20130814" Time="202421">CalculateField Masbate_CropZone20 CATEGORY "NOT ON LEGEND" VB #</Process><Process ToolSource="C:\Program Files\ArcGIS\Desktop10.0\ArcToolbox\Toolboxes\Data Management Tools.tbx\CalculateField" Date="20130825" Time="181121">CalculateField Masbate_CropZone20 DESCRIP "NOT ON LEGEND" VB #</Process></lineage></DataProperties><ArcGISstyle>FGDC CSDGM Metadata</ArcGISstyle></Esri></metadata>
