<?xml version="1.0" encoding="UTF-8"?>
<metadata xml:lang="en"><Esri><CreaDate>20130903</CreaDate><CreaTime>14310400</CreaTime><SyncOnce>TRUE</SyncOnce><DataProperties><lineage><Process ToolSource="c:\program files\arcgis\desktop10.1\ArcToolbox\Toolboxes\Data Management Tools.tbx\CalculateField" Date="20130817" Time="192806">CalculateField Camiguin_LUM1_2 CLASS [CLASS_1] VB #</Process><Process Name="Calculate 'MAPDATE' Field as String" ToolSource="C:\Program Files\ArcGIS\Desktop10.0\ArcToolbox\Toolboxes\Data Management Tools.tbx\CalculateField" Date="20130817" Time="193050">CalculateField \\gza-wsus\bswmgis\Camiguin_Cataduanes\Deliver\Camiguin_LUM1.shp MAPDATE 1988 VB #</Process><Process Name="Calculate Province Name Field" ToolSource="C:\Program Files\ArcGIS\Desktop10.0\ArcToolbox\Toolboxes\Data Management Tools.tbx\CalculateField" Date="20130817" Time="193051">CalculateField \\gza-wsus\bswmgis\Camiguin_Cataduanes\Deliver\Camiguin_LUM1.shp PROVINCE "Camiguin" VB #</Process><Process Name="Calculate Map Scale Field" ToolSource="C:\Program Files\ArcGIS\Desktop10.0\ArcToolbox\Toolboxes\Data Management Tools.tbx\CalculateField" Date="20130817" Time="193051">CalculateField \\gza-wsus\bswmgis\Camiguin_Cataduanes\Deliver\Camiguin_LUM1.shp MAPSCALE 50000 VB #</Process><Process Name="Calculate MAPTYPE Field" ToolSource="C:\Program Files\ArcGIS\Desktop10.0\ArcToolbox\Toolboxes\Data Management Tools.tbx\CalculateField" Date="20130817" Time="193051">CalculateField \\gza-wsus\bswmgis\Camiguin_Cataduanes\Deliver\Camiguin_LUM1.shp MAPTYPE 'LAND MANAGEMENT UNIT' PYTHON #</Process><Process Name="Calculate SOURCE Field" ToolSource="C:\Program Files\ArcGIS\Desktop10.0\ArcToolbox\Toolboxes\Data Management Tools.tbx\CalculateField" Date="20130817" Time="193051">CalculateField \\gza-wsus\bswmgis\Camiguin_Cataduanes\Deliver\Camiguin_LUM1.shp SOURCE 'Camiguin_LUM1' PYTHON #</Process><Process Name="Calculate 'MAPDATE' Field as String" ToolSource="C:\Program Files\ArcGIS\Desktop10.0\ArcToolbox\Toolboxes\Data Management Tools.tbx\CalculateField" Date="20130817" Time="193138">CalculateField \\gza-wsus\bswmgis\Camiguin_Cataduanes\Deliver\Camiguin_LUM1.shp MAPDATE 1988 VB #</Process><Process Name="Calculate Province Name Field" ToolSource="C:\Program Files\ArcGIS\Desktop10.0\ArcToolbox\Toolboxes\Data Management Tools.tbx\CalculateField" Date="20130817" Time="193138">CalculateField \\gza-wsus\bswmgis\Camiguin_Cataduanes\Deliver\Camiguin_LUM1.shp PROVINCE "CAMIGUIN" VB #</Process><Process Name="Calculate Map Scale Field" ToolSource="C:\Program Files\ArcGIS\Desktop10.0\ArcToolbox\Toolboxes\Data Management Tools.tbx\CalculateField" Date="20130817" Time="193138">CalculateField \\gza-wsus\bswmgis\Camiguin_Cataduanes\Deliver\Camiguin_LUM1.shp MAPSCALE 50000 VB #</Process><Process Name="Calculate MAPTYPE Field" ToolSource="C:\Program Files\ArcGIS\Desktop10.0\ArcToolbox\Toolboxes\Data Management Tools.tbx\CalculateField" Date="20130817" Time="193138">CalculateField \\gza-wsus\bswmgis\Camiguin_Cataduanes\Deliver\Camiguin_LUM1.shp MAPTYPE 'LAND MANAGEMENT UNIT' PYTHON #</Process><Process Name="Calculate SOURCE Field" ToolSource="C:\Program Files\ArcGIS\Desktop10.0\ArcToolbox\Toolboxes\Data Management Tools.tbx\CalculateField" Date="20130817" Time="193138">CalculateField \\gza-wsus\bswmgis\Camiguin_Cataduanes\Deliver\Camiguin_LUM1.shp SOURCE 'Camiguin_LUM1' PYTHON #</Process><Process Name="Calculate 'MAPDATE' Field as String" ToolSource="C:\Program Files\ArcGIS\Desktop10.0\ArcToolbox\Toolboxes\Data Management Tools.tbx\CalculateField" Date="20130817" Time="193440">CalculateField \\gza-wsus\bswmgis\Camiguin_Cataduanes\Deliver\Camiguin_LUM1.shp MAPDATE "Aug. - Nov. 1985" VB #</Process><Process Name="Calculate Province Name Field" ToolSource="C:\Program Files\ArcGIS\Desktop10.0\ArcToolbox\Toolboxes\Data Management Tools.tbx\CalculateField" Date="20130817" Time="193440">CalculateField \\gza-wsus\bswmgis\Camiguin_Cataduanes\Deliver\Camiguin_LUM1.shp PROVINCE "Abra" VB #</Process><Process Name="Calculate Map Scale Field" ToolSource="C:\Program Files\ArcGIS\Desktop10.0\ArcToolbox\Toolboxes\Data Management Tools.tbx\CalculateField" Date="20130817" Time="193440">CalculateField \\gza-wsus\bswmgis\Camiguin_Cataduanes\Deliver\Camiguin_LUM1.shp MAPSCALE 50000 VB #</Process><Process Name="Calculate MAPTYPE Field" ToolSource="C:\Program Files\ArcGIS\Desktop10.0\ArcToolbox\Toolboxes\Data Management Tools.tbx\CalculateField" Date="20130817" Time="193440">CalculateField \\gza-wsus\bswmgis\Camiguin_Cataduanes\Deliver\Camiguin_LUM1.shp MAPTYPE 'LAND MANAGEMENT UNIT' PYTHON #</Process><Process Name="Calculate SOURCE Field" ToolSource="C:\Program Files\ArcGIS\Desktop10.0\ArcToolbox\Toolboxes\Data Management Tools.tbx\CalculateField" Date="20130817" Time="193441">CalculateField \\gza-wsus\bswmgis\Camiguin_Cataduanes\Deliver\Camiguin_LUM1.shp SOURCE 'Camiguin_LUM1' PYTHON #</Process><Process ToolSource="C:\Program Files\ArcGIS\Desktop10.0\ArcToolbox\Toolboxes\Data Management Tools.tbx\CalculateField" Date="20130817" Time="193555">CalculateField Camiguin_LUM1 MAPDATE 1985 VB #</Process><Process ToolSource="C:\Program Files\ArcGIS\Desktop10.0\ArcToolbox\Toolboxes\Data Management Tools.tbx\CalculateField" Date="20130817" Time="193716">CalculateField Camiguin_LUM1 CATEGORY "Not Available" VB #</Process><Process ToolSource="C:\Program Files\ArcGIS\Desktop10.0\ArcToolbox\Toolboxes\Data Management Tools.tbx\CalculateField" Date="20130903" Time="142933">CalculateField Camiguin_LUM1 PROVINCE "Camiguin" VB #</Process><Process ToolSource="C:\Program Files\ArcGIS\Desktop10.0\ArcToolbox\Toolboxes\Data Management Tools.tbx\CalculateField" Date="20131223" Time="150320">CalculateField Camiguin_LUM1 MAPTYPE "LAND USE" VB #</Process><Process ToolSource="C:\Program Files\ArcGIS\Desktop10.0\ArcToolbox\Toolboxes\Data Management Tools.tbx\CalculateField" Date="20131223" Time="151405">CalculateField Camiguin_LUM1 DESCRIP "PREDOMINANT LAND USE: COCONUT (80-90%), ASSOCIATED LAND USE: BANANA (10-20%)" VB #</Process><Process ToolSource="C:\Program Files\ArcGIS\Desktop10.0\ArcToolbox\Toolboxes\Data Management Tools.tbx\CalculateField" Date="20131223" Time="151428">CalculateField Camiguin_LUM1 DESCRIP "DOMINANT LAND USE: GRASSES (80-90%), ASSOCIATED LAND USE: SHRUBS (5-10%)" VB #</Process><Process ToolSource="C:\Program Files\ArcGIS\Desktop10.0\ArcToolbox\Toolboxes\Data Management Tools.tbx\CalculateField" Date="20131223" Time="151519">CalculateField Camiguin_LUM1 DESCRIP "DOMINANT LAND USE: GRASSES (80-90%), ASSOCIATED LAND USE: (10-20%)" VB #</Process><Process ToolSource="C:\Program Files\ArcGIS\Desktop10.0\ArcToolbox\Toolboxes\Data Management Tools.tbx\CalculateField" Date="20131223" Time="151539">CalculateField Camiguin_LUM1 DESCRIP "DOMINANT LAND USE: GRASSES (70-80%), ASSOCIATED LAND USE: COCONUT(10-20%)" VB #</Process><Process ToolSource="C:\Program Files\ArcGIS\Desktop10.0\ArcToolbox\Toolboxes\Data Management Tools.tbx\CalculateField" Date="20131223" Time="151632">CalculateField Camiguin_LUM1 DESCRIP "DOMINANT LAND USE: GRASSES (50-60%), ASSOCIATED LAND USE: COCONUT(&gt;30%)" VB #</Process><Process ToolSource="C:\Program Files\ArcGIS\Desktop10.0\ArcToolbox\Toolboxes\Data Management Tools.tbx\CalculateField" Date="20131223" Time="151708">CalculateField Camiguin_LUM1 DESCRIP "DOMINANT LAND USE: FOREST (90-100%), ASSOCIATED LAND USE: GRASSES(5-10%)" VB #</Process><Process ToolSource="C:\Program Files\ArcGIS\Desktop10.0\ArcToolbox\Toolboxes\Data Management Tools.tbx\CalculateField" Date="20131223" Time="151743">CalculateField Camiguin_LUM1 DESCRIP "DOMINANT LAND USE: RESIDENTIAL(90-100%), ASSOCIATED LAND USE: BANANA(5-10%)" VB #</Process><Process ToolSource="C:\Program Files\ArcGIS\Desktop10.0\ArcToolbox\Toolboxes\Data Management Tools.tbx\CalculateField" Date="20131223" Time="151832">CalculateField Camiguin_LUM1 DESCRIP "PREDOMINANT LAND USE: COCONUT (80-90%), ASSOCIATED LAND USE: GRASSES (10-20%)" VB #</Process><Process ToolSource="C:\Program Files\ArcGIS\Desktop10.0\ArcToolbox\Toolboxes\Data Management Tools.tbx\CalculateField" Date="20131223" Time="151923">CalculateField Camiguin_LUM1 DESCRIP "DOMINANT LAND USE: FOREST (80-90%), ASSOCIATED LAND USE: GRASSES (5-10%)" VB #</Process><Process ToolSource="C:\Program Files\ArcGIS\Desktop10.0\ArcToolbox\Toolboxes\Data Management Tools.tbx\CalculateField" Date="20131223" Time="151948">CalculateField Camiguin_LUM1 DESCRIP "DOMINANT LAND USE: GRASSES (80-90%), ASSOCIATED LAND USE: GRASSES (5-10%)" VB #</Process></lineage><itemProps><itemLocation><linkage Sync="TRUE">file://\\gza-wsus\bswmgis\August_28_BSWM_Delivery\Camiguin_LUM1</linkage><protocol Sync="TRUE">Local Area Network</protocol></itemLocation></itemProps><copyHistory><copy source="\\gza-wsus\bswmgis\Camiguin_Cataduanes\Deliver\Camiguin_LUM1" dest="\\gza-wsus\bswmgis\August_28_BSWM_Delivery\Camiguin_LUM1" date="20130903" time="14310400"></copy></copyHistory></DataProperties><ArcGISstyle>FGDC CSDGM Metadata</ArcGISstyle></Esri></metadata>
