<?xml version="1.0" encoding="UTF-8"?>
<metadata xml:lang="en"><Esri><CreaDate>20130919</CreaDate><CreaTime>14170500</CreaTime><ArcGISFormat>1.0</ArcGISFormat><SyncOnce>TRUE</SyncOnce><DataProperties><lineage><Process ToolSource="c:\program files\arcgis\desktop10.1\ArcToolbox\Toolboxes\Data Management Tools.tbx\CalculateField" Date="20130802" Time="154830">CalculateField Albay_LUV3 CLASS [LUV] VB #</Process><Process ToolSource="c:\program files\arcgis\desktop10.1\ArcToolbox\Toolboxes\Data Management Tools.tbx\CalculateField" Date="20130802" Time="154855">CalculateField Albay_LUV3 CLASS "1A" VB #</Process><Process ToolSource="C:\Program Files\ArcGIS\Desktop10.0\ArcToolbox\Toolboxes\Data Management Tools.tbx\CalculateField" Date="20130830" Time="234647">CalculateField Albay_LMU3 MAPDATE "UNKNOWN" VB #</Process><Process ToolSource="C:\Program Files\ArcGIS\Desktop10.0\ArcToolbox\Toolboxes\Data Management Tools.tbx\CalculateField" Date="20130830" Time="234919">CalculateField Albay_LMU3 CATEGORY "OIL CROPS" VB #</Process><Process ToolSource="C:\Program Files\ArcGIS\Desktop10.0\ArcToolbox\Toolboxes\Data Management Tools.tbx\CalculateField" Date="20130830" Time="234936">CalculateField Albay_LMU3 CATEGORY "WOODLAND FOREST TYPE" VB #</Process><Process ToolSource="C:\Program Files\ArcGIS\Desktop10.0\ArcToolbox\Toolboxes\Data Management Tools.tbx\CalculateField" Date="20130830" Time="235001">CalculateField Albay_LMU3 CATEGORY "AGRICULTURAL AREAS" VB #</Process><Process ToolSource="C:\Program Files\ArcGIS\Desktop10.0\ArcToolbox\Toolboxes\Data Management Tools.tbx\CalculateField" Date="20130830" Time="235025">CalculateField Albay_LMU3 CATEGORY "SPECIAL LAND USE" VB #</Process><Process ToolSource="C:\Program Files\ArcGIS\Desktop10.0\ArcToolbox\Toolboxes\Data Management Tools.tbx\CalculateField" Date="20130830" Time="235047">CalculateField Albay_LMU3 CATEGORY "GRASSES AND SHRUBS" VB #</Process><Process ToolSource="C:\Program Files\ArcGIS\Desktop10.0\ArcToolbox\Toolboxes\Data Management Tools.tbx\CalculateField" Date="20130830" Time="235109">CalculateField Albay_LMU3 CATEGORY "AGRICULTURAL AREAS" VB #</Process><Process ToolSource="C:\Program Files\ArcGIS\Desktop10.0\ArcToolbox\Toolboxes\Data Management Tools.tbx\CalculateField" Date="20130830" Time="235119">CalculateField Albay_LMU3 CATEGORY "OIL CROPS" VB #</Process><Process ToolSource="C:\Program Files\ArcGIS\Desktop10.0\ArcToolbox\Toolboxes\Data Management Tools.tbx\CalculateField" Date="20130830" Time="235145">CalculateField Albay_LMU3 CATEGORY "AGRICULTURAL AREAS" VB #</Process><Process ToolSource="C:\Program Files\ArcGIS\Desktop10.0\ArcToolbox\Toolboxes\Data Management Tools.tbx\CalculateField" Date="20130830" Time="235205">CalculateField Albay_LMU3 MAPTYPE "LAND USE AND VEGETATION" VB #</Process><Process Name="Calculate 'MAPDATE' Field as String" ToolSource="c:\program files (x86)\arcgis\desktop10.1\ArcToolbox\Toolboxes\Data Management Tools.tbx\CalculateField" Date="20130919" Time="140046">CalculateField Albay_LMU3 MAPDATE "UNKNOWN" VB #</Process><Process Name="Calculate Province Name Field" ToolSource="c:\program files (x86)\arcgis\desktop10.1\ArcToolbox\Toolboxes\Data Management Tools.tbx\CalculateField" Date="20130919" Time="140046">CalculateField Albay_LMU3 PROVINCE "Albay" VB #</Process><Process Name="Calculate Map Scale Field" ToolSource="c:\program files (x86)\arcgis\desktop10.1\ArcToolbox\Toolboxes\Data Management Tools.tbx\CalculateField" Date="20130919" Time="140047">CalculateField Albay_LMU3 MAPSCALE 50000 VB #</Process><Process Name="Calculate MAPTYPE Field" ToolSource="c:\program files (x86)\arcgis\desktop10.1\ArcToolbox\Toolboxes\Data Management Tools.tbx\CalculateField" Date="20130919" Time="140047">CalculateField Albay_LMU3 MAPTYPE 'LAND USE AND VEGETATION' PYTHON #</Process><Process Name="Calculate SOURCE Field" ToolSource="c:\program files (x86)\arcgis\desktop10.1\ArcToolbox\Toolboxes\Data Management Tools.tbx\CalculateField" Date="20130919" Time="140047">CalculateField Albay_LMU3 SOURCE 'Albay_LMU3' PYTHON #</Process><Process Name="Calculate 'MAPDATE' Field as String" ToolSource="c:\program files (x86)\arcgis\desktop10.1\ArcToolbox\Toolboxes\Data Management Tools.tbx\CalculateField" Date="20130919" Time="140205">CalculateField Albay_LMU3 MAPDATE "UNKNOWN" VB #</Process><Process Name="Calculate Province Name Field" ToolSource="c:\program files (x86)\arcgis\desktop10.1\ArcToolbox\Toolboxes\Data Management Tools.tbx\CalculateField" Date="20130919" Time="140205">CalculateField Albay_LMU3 PROVINCE "Albay" VB #</Process><Process Name="Calculate Map Scale Field" ToolSource="c:\program files (x86)\arcgis\desktop10.1\ArcToolbox\Toolboxes\Data Management Tools.tbx\CalculateField" Date="20130919" Time="140205">CalculateField Albay_LMU3 MAPSCALE 50000 VB #</Process><Process Name="Calculate MAPTYPE Field" ToolSource="c:\program files (x86)\arcgis\desktop10.1\ArcToolbox\Toolboxes\Data Management Tools.tbx\CalculateField" Date="20130919" Time="140205">CalculateField Albay_LMU3 MAPTYPE 'LAND USE' PYTHON #</Process><Process Name="Calculate SOURCE Field" ToolSource="c:\program files (x86)\arcgis\desktop10.1\ArcToolbox\Toolboxes\Data Management Tools.tbx\CalculateField" Date="20130919" Time="140205">CalculateField Albay_LMU3 SOURCE 'Albay_LMU3' PYTHON #</Process><Process ToolSource="c:\program files (x86)\arcgis\desktop10.1\ArcToolbox\Toolboxes\Data Management Tools.tbx\CalculateField" Date="20130919" Time="142030">CalculateField Albay_LMU3 CATEGORY "OIL CROPS" VB #</Process><Process ToolSource="c:\program files (x86)\arcgis\desktop10.1\ArcToolbox\Toolboxes\Data Management Tools.tbx\CalculateField" Date="20130919" Time="142149">CalculateField Albay_LMU3 CATEGORY "AGRICULTURAL AREAS" VB #</Process><Process ToolSource="c:\program files (x86)\arcgis\desktop10.1\ArcToolbox\Toolboxes\Data Management Tools.tbx\CalculateField" Date="20130919" Time="142230">CalculateField Albay_LMU3 DESCRIP "DOMINANT LAND USE: ABACA" VB #</Process><Process ToolSource="c:\program files (x86)\arcgis\desktop10.1\ArcToolbox\Toolboxes\Data Management Tools.tbx\CalculateField" Date="20130919" Time="142258">CalculateField Albay_LMU3 CATEGORY "OIL CROPS" VB #</Process><Process ToolSource="c:\program files (x86)\arcgis\desktop10.1\ArcToolbox\Toolboxes\Data Management Tools.tbx\CalculateField" Date="20130919" Time="142319">CalculateField Albay_LMU3 DESCRIP "DOMINANT LAND USE: COCONUTS" VB #</Process><Process ToolSource="c:\program files (x86)\arcgis\desktop10.1\ArcToolbox\Toolboxes\Data Management Tools.tbx\CalculateField" Date="20130919" Time="142353">CalculateField Albay_LMU3 CATEGORY "AGRICULTURAL AREAS" VB #</Process><Process ToolSource="c:\program files (x86)\arcgis\desktop10.1\ArcToolbox\Toolboxes\Data Management Tools.tbx\CalculateField" Date="20130919" Time="142412">CalculateField Albay_LMU3 DESCRIP "DOMINANT LAND USE: SUGARCANE" VB #</Process><Process ToolSource="c:\program files (x86)\arcgis\desktop10.1\ArcToolbox\Toolboxes\Data Management Tools.tbx\CalculateField" Date="20130919" Time="142439">CalculateField Albay_LMU3 DESCRIP "DOMINANT LAND USE: COCONUTS" VB #</Process><Process ToolSource="c:\program files (x86)\arcgis\desktop10.1\ArcToolbox\Toolboxes\Data Management Tools.tbx\CalculateField" Date="20130919" Time="142516">CalculateField Albay_LMU3 CATEGORY "GRASSES AND SHRUBS" VB #</Process><Process ToolSource="c:\program files (x86)\arcgis\desktop10.1\ArcToolbox\Toolboxes\Data Management Tools.tbx\CalculateField" Date="20130919" Time="142530">CalculateField Albay_LMU3 DESCRIP "DOMINANT LAND USE: GRASSLAND" VB #</Process></lineage><itemProps><itemLocation><linkage Sync="TRUE">file://\\Gza-wsus\bswmgis\August_28_BSWM_Delivery_Resend2\Albay_LMU3</linkage><protocol Sync="TRUE">Local Area Network</protocol></itemLocation></itemProps><copyHistory><copy source="\\Gza-wsus\bswmgis\August_28_BSWM_Delivery_Resend\Albay_LMU3" dest="\\Gza-wsus\bswmgis\August_28_BSWM_Delivery_Resend2\Albay_LMU3" date="20130919" time="14170500"></copy></copyHistory></DataProperties><ArcGISstyle>FGDC CSDGM Metadata</ArcGISstyle></Esri></metadata>
