<?xml version="1.0" encoding="UTF-8"?>
<metadata xml:lang="en"><Esri><CreaDate>20130825</CreaDate><CreaTime>17553200</CreaTime><ArcGISFormat>1.0</ArcGISFormat><SyncOnce>TRUE</SyncOnce><DataProperties><lineage><Process ToolSource="c:\program files\arcgis\desktop10.1\ArcToolbox\Toolboxes\Data Management Tools.tbx\CalculateField" Date="20130812" Time="191933">CalculateField Masbate_CropZone10 CLASS [Crop] VB #</Process><Process ToolSource="c:\program files\arcgis\desktop10.1\ArcToolbox\Toolboxes\Data Management Tools.tbx\CalculateField" Date="20130812" Time="192154">CalculateField Masbate_CropZone10 MAPDATE 1988 VB #</Process><Process ToolSource="C:\Program Files\ArcGIS\Desktop10.0\ArcToolbox\Toolboxes\Data Management Tools.tbx\CalculateField" Date="20130825" Time="175408">CalculateField Masbate_CropZone10 CATEGORY "AGRICULTURAL" VB #</Process><Process ToolSource="C:\Program Files\ArcGIS\Desktop10.0\ArcToolbox\Toolboxes\Data Management Tools.tbx\CalculateField" Date="20130825" Time="175419">CalculateField Masbate_CropZone10 DESCRIP "RICE BASE NON-IRRIGATED/RAINFED MULTIPLE CROPPING" VB #</Process><Process ToolSource="C:\Program Files\ArcGIS\Desktop10.0\ArcToolbox\Toolboxes\Data Management Tools.tbx\CalculateField" Date="20130825" Time="175431">CalculateField Masbate_CropZone10 CATEGORY "AGRICULTURAL" VB #</Process><Process ToolSource="C:\Program Files\ArcGIS\Desktop10.0\ArcToolbox\Toolboxes\Data Management Tools.tbx\CalculateField" Date="20130825" Time="175444">CalculateField Masbate_CropZone10 DESCRIP "CORN BASED, MULTIPLE CROPPING" VB #</Process><Process ToolSource="C:\Program Files\ArcGIS\Desktop10.0\ArcToolbox\Toolboxes\Data Management Tools.tbx\CalculateField" Date="20130825" Time="175509">CalculateField Masbate_CropZone10 DESCRIP "REHABILITATION / AGROFORESTRY / FORAGE (GRASSES, TREES)" VB #</Process></lineage></DataProperties><ArcGISstyle>FGDC CSDGM Metadata</ArcGISstyle></Esri></metadata>
