<metadata xml:lang="en"><Esri><CreaDate>20130522</CreaDate><CreaTime>17084200</CreaTime><ArcGISFormat>1.0</ArcGISFormat><SyncOnce>FALSE</SyncOnce><DataProperties><lineage><Process Name="Add Field" ToolSource="c:\program files\arcgis\desktop10.1\ArcToolbox\Toolboxes\Data Management Tools.tbx\AddField" Date="20130522" Time="091130">AddField M:\Philippines\Oversized_Maps3.gdb\AgusanDelNorte_Geomorphological_polys DESCRIP TEXT # # 254 # NULLABLE NON_REQUIRED #</Process><Process Name="Add Field (2)" ToolSource="c:\program files\arcgis\desktop10.1\ArcToolbox\Toolboxes\Data Management Tools.tbx\AddField" Date="20130522" Time="091131">AddField M:\Philippines\Oversized_Maps3.gdb\AgusanDelNorte_Geomorphological_polys MAPDATE TEXT # # 10 # NULLABLE NON_REQUIRED #</Process><Process Name="Add Field (3)" ToolSource="c:\program files\arcgis\desktop10.1\ArcToolbox\Toolboxes\Data Management Tools.tbx\AddField" Date="20130522" Time="091132">AddField M:\Philippines\Oversized_Maps3.gdb\AgusanDelNorte_Geomorphological_polys MAPSCALE LONG # # 10 # NULLABLE NON_REQUIRED #</Process><Process Name="Add Field (4)" ToolSource="c:\program files\arcgis\desktop10.1\ArcToolbox\Toolboxes\Data Management Tools.tbx\AddField" Date="20130522" Time="091134">AddField M:\Philippines\Oversized_Maps3.gdb\AgusanDelNorte_Geomorphological_polys PROVINCE TEXT # # 50 # NULLABLE NON_REQUIRED #</Process><Process Name="Add Field (5)" ToolSource="c:\program files\arcgis\desktop10.1\ArcToolbox\Toolboxes\Data Management Tools.tbx\AddField" Date="20130522" Time="091135">AddField M:\Philippines\Oversized_Maps3.gdb\AgusanDelNorte_Geomorphological_polys CATEGORY TEXT # # 254 # NULLABLE NON_REQUIRED #</Process><Process Name="Add Field (6)" ToolSource="c:\program files\arcgis\desktop10.1\ArcToolbox\Toolboxes\Data Management Tools.tbx\AddField" Date="20130522" Time="091137">AddField M:\Philippines\Oversized_Maps3.gdb\AgusanDelNorte_Geomorphological_polys SOURCE TEXT # # 255 # NULLABLE NON_REQUIRED #</Process><Process Name="Add Field (7)" ToolSource="c:\program files\arcgis\desktop10.1\ArcToolbox\Toolboxes\Data Management Tools.tbx\AddField" Date="20130522" Time="091138">AddField M:\Philippines\Oversized_Maps3.gdb\AgusanDelNorte_Geomorphological_polys MAPTYPE TEXT # # 50 # NULLABLE NON_REQUIRED #</Process><Process Name="Add Field (8)" ToolSource="c:\program files\arcgis\desktop10.1\ArcToolbox\Toolboxes\Data Management Tools.tbx\AddField" Date="20130522" Time="091140">AddField M:\Philippines\Oversized_Maps3.gdb\AgusanDelNorte_Geomorphological_polys CLASS TEXT # # 15 # NULLABLE NON_REQUIRED #</Process><Process ToolSource="c:\program files (x86)\arcgis\desktop10.1\ArcToolbox\Toolboxes\Data Management Tools.tbx\CalculateField" Date="20130522" Time="161737">CalculateField AgusanDelNorte_Geomorphological_polys CATEGORY "DEPOSITIONAL - LITTORAL" VB #</Process><Process ToolSource="c:\program files (x86)\arcgis\desktop10.1\ArcToolbox\Toolboxes\Data Management Tools.tbx\CalculateField" Date="20130522" Time="161806">CalculateField AgusanDelNorte_Geomorphological_polys CATEGORY "DEPOSITIONAL - ALLUVIALL" VB #</Process><Process ToolSource="c:\program files (x86)\arcgis\desktop10.1\ArcToolbox\Toolboxes\Data Management Tools.tbx\CalculateField" Date="20130522" Time="161907">CalculateField AgusanDelNorte_Geomorphological_polys CATEGORY "EROSIONAL" VB #</Process><Process ToolSource="c:\program files (x86)\arcgis\desktop10.1\ArcToolbox\Toolboxes\Data Management Tools.tbx\CalculateField" Date="20130522" Time="161939">CalculateField AgusanDelNorte_Geomorphological_polys CATEGORY "MOUNTAINS" VB #</Process><Process ToolSource="c:\program files (x86)\arcgis\desktop10.1\ArcToolbox\Toolboxes\Data Management Tools.tbx\CalculateField" Date="20130522" Time="161956">CalculateField AgusanDelNorte_Geomorphological_polys CATEGORY "PLATEAU" VB #</Process><Process ToolSource="c:\program files (x86)\arcgis\desktop10.1\ArcToolbox\Toolboxes\Data Management Tools.tbx\CalculateField" Date="20130522" Time="162025">CalculateField AgusanDelNorte_Geomorphological_polys MAPTYPE "GEOMORPHOLOGICAL" VB #</Process><Process ToolSource="c:\program files (x86)\arcgis\desktop10.1\ArcToolbox\Toolboxes\Data Management Tools.tbx\CalculateField" Date="20130522" Time="162055">CalculateField AgusanDelNorte_Geomorphological_polys SOURCE "AGUSAN DEL NORTE GEOMORPHOLOGICAL" VB #</Process><Process ToolSource="c:\program files (x86)\arcgis\desktop10.1\ArcToolbox\Toolboxes\Data Management Tools.tbx\CalculateField" Date="20130522" Time="162112">CalculateField AgusanDelNorte_Geomorphological_polys PROVINCE "AGUSAN DEL NORTE" VB #</Process><Process ToolSource="c:\program files (x86)\arcgis\desktop10.1\ArcToolbox\Toolboxes\Data Management Tools.tbx\CalculateField" Date="20130522" Time="162129">CalculateField AgusanDelNorte_Geomorphological_polys MAPSCALE "100,000" VB #</Process><Process ToolSource="c:\program files (x86)\arcgis\desktop10.1\ArcToolbox\Toolboxes\Data Management Tools.tbx\CalculateField" Date="20130522" Time="162204">CalculateField AgusanDelNorte_Geomorphological_polys MAPDATE "10/21/1973" VB #</Process><Process ToolSource="c:\program files (x86)\arcgis\desktop10.1\ArcToolbox\Toolboxes\Data Management Tools.tbx\CalculateField" Date="20130522" Time="162800">CalculateField AgusanDelNorte_Geomorphological_polys DESCRIP "FISHPONDS" VB #</Process><Process ToolSource="c:\program files (x86)\arcgis\desktop10.1\ArcToolbox\Toolboxes\Data Management Tools.tbx\CalculateField" Date="20130522" Time="162837">CalculateField AgusanDelNorte_Geomorphological_polys DESCRIP "MANGROVES" VB #</Process><Process ToolSource="c:\program files (x86)\arcgis\desktop10.1\ArcToolbox\Toolboxes\Data Management Tools.tbx\CalculateField" Date="20130522" Time="162913">CalculateField AgusanDelNorte_Geomorphological_polys DESCRIP "FORMER TIDAL FLAT" VB #</Process><Process ToolSource="c:\program files (x86)\arcgis\desktop10.1\ArcToolbox\Toolboxes\Data Management Tools.tbx\CalculateField" Date="20130522" Time="162943">CalculateField AgusanDelNorte_Geomorphological_polys DESCRIP "BEACH RIDGES/SWALES/SANDBARS" VB #</Process><Process ToolSource="c:\program files (x86)\arcgis\desktop10.1\ArcToolbox\Toolboxes\Data Management Tools.tbx\CalculateField" Date="20130522" Time="163013">CalculateField AgusanDelNorte_Geomorphological_polys DESCRIP "ALLUVIAL PLAINS, NOT SUBJECT TO FLOODING" VB #</Process><Process ToolSource="c:\program files (x86)\arcgis\desktop10.1\ArcToolbox\Toolboxes\Data Management Tools.tbx\CalculateField" Date="20130522" Time="163119">CalculateField AgusanDelNorte_Geomorphological_polys DESCRIP "ALLUVIAL PLAINS, SUBJECT TO SEASONAL LOCAL RUNOFF FLOODING" VB #</Process><Process ToolSource="c:\program files (x86)\arcgis\desktop10.1\ArcToolbox\Toolboxes\Data Management Tools.tbx\CalculateField" Date="20130522" Time="163159">CalculateField AgusanDelNorte_Geomorphological_polys DESCRIP "RIVER TERRACES, SUBJECT TO SEASONAL RIVER OVERFLOWS" VB #</Process><Process ToolSource="c:\program files (x86)\arcgis\desktop10.1\ArcToolbox\Toolboxes\Data Management Tools.tbx\CalculateField" Date="20130522" Time="163300">CalculateField AgusanDelNorte_Geomorphological_polys DESCRIP "NARROW PLAINS AND INFILLED STREAM VALLEYS" VB #</Process><Process ToolSource="c:\program files (x86)\arcgis\desktop10.1\ArcToolbox\Toolboxes\Data Management Tools.tbx\CalculateField" Date="20130522" Time="163329">CalculateField AgusanDelNorte_Geomorphological_polys CATEGORY "DEPOSITIONAL - ALLUVIAL" VB #</Process><Process ToolSource="c:\program files (x86)\arcgis\desktop10.1\ArcToolbox\Toolboxes\Data Management Tools.tbx\CalculateField" Date="20130522" Time="163424">CalculateField AgusanDelNorte_Geomorphological_polys DESCRIP "ENCLOSED VALLEYS" VB #</Process><Process ToolSource="c:\program files (x86)\arcgis\desktop10.1\ArcToolbox\Toolboxes\Data Management Tools.tbx\CalculateField" Date="20130522" Time="163453">CalculateField AgusanDelNorte_Geomorphological_polys DESCRIP "ALLUVIAL FAN, SUBJECT TO SLIGHT RUNOFF FLOODING" VB #</Process><Process ToolSource="c:\program files (x86)\arcgis\desktop10.1\ArcToolbox\Toolboxes\Data Management Tools.tbx\CalculateField" Date="20130522" Time="163615">CalculateField AgusanDelNorte_Geomorphological_polys DESCRIP "GENTLY SLOPING TO UNDULATING, SLIGHTLY DISSECTED LOW HILLS" VB #</Process><Process ToolSource="c:\program files (x86)\arcgis\desktop10.1\ArcToolbox\Toolboxes\Data Management Tools.tbx\CalculateField" Date="20130522" Time="163644">CalculateField AgusanDelNorte_Geomorphological_polys DESCRIP "ROLLING, MODERATELY DISSECTED LOW AND MEDIAN HILLS" VB #</Process><Process ToolSource="c:\program files (x86)\arcgis\desktop10.1\ArcToolbox\Toolboxes\Data Management Tools.tbx\CalculateField" Date="20130522" Time="163715">CalculateField AgusanDelNorte_Geomorphological_polys DESCRIP "MODERATELY TO SEVERELY DISSECTED MEDIAN AND HIGH HILLS" VB #</Process><Process ToolSource="c:\program files (x86)\arcgis\desktop10.1\ArcToolbox\Toolboxes\Data Management Tools.tbx\CalculateField" Date="20130522" Time="163746">CalculateField AgusanDelNorte_Geomorphological_polys DESCRIP "MODERATELY TO SEVERELY DISSECTED MEDIAN TO HIGH VOLCANIC HILLS" VB #</Process><Process ToolSource="c:\program files (x86)\arcgis\desktop10.1\ArcToolbox\Toolboxes\Data Management Tools.tbx\CalculateField" Date="20130522" Time="163808">CalculateField AgusanDelNorte_Geomorphological_polys DESCRIP "COASTAL LIMESTONE TERRACE" VB #</Process><Process ToolSource="c:\program files (x86)\arcgis\desktop10.1\ArcToolbox\Toolboxes\Data Management Tools.tbx\CalculateField" Date="20130522" Time="163842">CalculateField AgusanDelNorte_Geomorphological_polys DESCRIP "ROLLING MINOR KARSTIC LOW AND MEDIAN LIMESTONE HILLS" VB #</Process><Process ToolSource="c:\program files (x86)\arcgis\desktop10.1\ArcToolbox\Toolboxes\Data Management Tools.tbx\CalculateField" Date="20130522" Time="163926">CalculateField AgusanDelNorte_Geomorphological_polys DESCRIP "SMOOTHLY CONVEX SLIGHTLY DISSECTED LOW METAMORPHIC HILLS" VB #</Process><Process ToolSource="c:\program files (x86)\arcgis\desktop10.1\ArcToolbox\Toolboxes\Data Management Tools.tbx\CalculateField" Date="20130522" Time="164009">CalculateField AgusanDelNorte_Geomorphological_polys DESCRIP "ROLLING MODERATELY DISSECTED LOW AND MEDIAN METAMORPHIC HILLS" VB #</Process><Process ToolSource="c:\program files (x86)\arcgis\desktop10.1\ArcToolbox\Toolboxes\Data Management Tools.tbx\CalculateField" Date="20130522" Time="164046">CalculateField AgusanDelNorte_Geomorphological_polys DESCRIP "MODERATELY TO SEVERELY DISSECTED MEDIAN AND HIGH METAMORPHIC HILLS" VB #</Process><Process ToolSource="c:\program files (x86)\arcgis\desktop10.1\ArcToolbox\Toolboxes\Data Management Tools.tbx\CalculateField" Date="20130522" Time="164119">CalculateField AgusanDelNorte_Geomorphological_polys DESCRIP "MODERATELY TO SEVERELY DISSECTED SEDIMENTARY MOUNTAINS" VB #</Process><Process ToolSource="c:\program files (x86)\arcgis\desktop10.1\ArcToolbox\Toolboxes\Data Management Tools.tbx\CalculateField" Date="20130522" Time="164143">CalculateField AgusanDelNorte_Geomorphological_polys DESCRIP "SEVERELY DISSECTED SEDIMENTARY MOUNTAINS" VB #</Process><Process ToolSource="c:\program files (x86)\arcgis\desktop10.1\ArcToolbox\Toolboxes\Data Management Tools.tbx\CalculateField" Date="20130522" Time="164226">CalculateField AgusanDelNorte_Geomorphological_polys DESCRIP "MODERATELY TO SEVERELY DISSECTED, VOLCANIC MOUNTAINS" VB #</Process><Process ToolSource="c:\program files (x86)\arcgis\desktop10.1\ArcToolbox\Toolboxes\Data Management Tools.tbx\CalculateField" Date="20130522" Time="164247">CalculateField AgusanDelNorte_Geomorphological_polys DESCRIP "SEVERELY DISSECTED VOLCANIC MOUNTAIN" VB #</Process><Process ToolSource="c:\program files (x86)\arcgis\desktop10.1\ArcToolbox\Toolboxes\Data Management Tools.tbx\CalculateField" Date="20130522" Time="164314">CalculateField AgusanDelNorte_Geomorphological_polys DESCRIP "MAJOR KARST LIMESTONE MOUNTAIN" VB #</Process><Process ToolSource="c:\program files (x86)\arcgis\desktop10.1\ArcToolbox\Toolboxes\Data Management Tools.tbx\CalculateField" Date="20130522" Time="164403">CalculateField AgusanDelNorte_Geomorphological_polys DESCRIP "GENTLY UNDULATING SHALE/SANDSTONE/CONGLOMERATE" VB #</Process><Process ToolSource="c:\program files (x86)\arcgis\desktop10.1\ArcToolbox\Toolboxes\Data Management Tools.tbx\Project" Date="20130522" Time="170845">Project M:\Philippines\Oversized_Maps3.gdb\AgusanDelNorte_Geomorphological_polys M:\Philippines\PROJECTED_DELIVERED_ASHWIN50.gdb\AgusanDelNorte_Geomorphological GEOGCS['GCS_Luzon_1911',DATUM['D_Luzon_1911',SPHEROID['Clarke_1866',6378206.4,294.9786982]],PRIMEM['Greenwich',0.0],UNIT['Degree',0.0174532925199433],METADATA['Philippines - onshore',116.9,5.0,126.65,19.44,0.0,0.0174532925199433,0.0,3969]] Luzon_1911_To_WGS_1984_1 GEOGCS['GCS_WGS_1984',DATUM['D_WGS_1984',SPHEROID['WGS_1984',6378137.0,298.257223563]],PRIMEM['Greenwich',0.0],UNIT['Degree',0.0174532925199433],METADATA['World',-180.0,-90.0,180.0,90.0,0.0,0.0174532925199433,0.0,1262]]</Process><Process ToolSource="c:\program files (x86)\arcgis\desktop10.1\ArcToolbox\Toolboxes\Conversion Tools.tbx\FeatureClassToFeatureClass" Date="20130522" Time="170929">FeatureClassToFeatureClass M:\Philippines\PROJECTED_DELIVERED_ASHWIN50.gdb\AgusanDelNorte_Geomorphological M:\Philippines\Tools\TestOutput AgusanDelNorte_Geomorphological.shp # "DESCRIP "DESCRIP" true true false 254 Text 0 0 ,First,#,M:\Philippines\PROJECTED_DELIVERED_ASHWIN50.gdb\AgusanDelNorte_Geomorphological,DESCRIP,-1,-1;MAPDATE "MAPDATE" true true false 10 Text 0 0 ,First,#,M:\Philippines\PROJECTED_DELIVERED_ASHWIN50.gdb\AgusanDelNorte_Geomorphological,MAPDATE,-1,-1;MAPSCALE "MAPSCALE" true true false 4 Long 0 0 ,First,#,M:\Philippines\PROJECTED_DELIVERED_ASHWIN50.gdb\AgusanDelNorte_Geomorphological,MAPSCALE,-1,-1;PROVINCE "PROVINCE" true true false 50 Text 0 0 ,First,#,M:\Philippines\PROJECTED_DELIVERED_ASHWIN50.gdb\AgusanDelNorte_Geomorphological,PROVINCE,-1,-1;CATEGORY "CATEGORY" true true false 254 Text 0 0 ,First,#,M:\Philippines\PROJECTED_DELIVERED_ASHWIN50.gdb\AgusanDelNorte_Geomorphological,CATEGORY,-1,-1;SOURCE "SOURCE" true true false 255 Text 0 0 ,First,#,M:\Philippines\PROJECTED_DELIVERED_ASHWIN50.gdb\AgusanDelNorte_Geomorphological,SOURCE,-1,-1;MAPTYPE "MAPTYPE" true true false 50 Text 0 0 ,First,#,M:\Philippines\PROJECTED_DELIVERED_ASHWIN50.gdb\AgusanDelNorte_Geomorphological,MAPTYPE,-1,-1;CLASS "CLASS" true true false 15 Text 0 0 ,First,#,M:\Philippines\PROJECTED_DELIVERED_ASHWIN50.gdb\AgusanDelNorte_Geomorphological,CLASS,-1,-1;SHAPE_Leng "SHAPE_Length" false true true 8 Double 0 0 ,First,#,M:\Philippines\PROJECTED_DELIVERED_ASHWIN50.gdb\AgusanDelNorte_Geomorphological,SHAPE_Length,-1,-1;SHAPE_Area "SHAPE_Area" false true true 8 Double 0 0 ,First,#,M:\Philippines\PROJECTED_DELIVERED_ASHWIN50.gdb\AgusanDelNorte_Geomorphological,SHAPE_Area,-1,-1" #</Process></lineage><itemProps><itemLocation><linkage Sync="TRUE">file://\\pacific\production\Philippines\Tools\TestOutput\AgusanDelNorte_Geomorphological.shp</linkage><protocol Sync="TRUE">Local Area Network</protocol></itemLocation><itemName Sync="TRUE">AgusanDelNorte_Geomorphological</itemName><imsContentType Sync="TRUE">002</imsContentType><itemSize Sync="TRUE">0.000</itemSize></itemProps><coordRef><type Sync="TRUE">Geographic</type><geogcsn Sync="TRUE">GCS_Luzon_1911</geogcsn><csUnits Sync="TRUE">Angular Unit: Degree (0.017453)</csUnits><peXml Sync="TRUE">&lt;GeographicCoordinateSystem xsi:type='typens:GeographicCoordinateSystem' xmlns:xsi='http://www.w3.org/2001/XMLSchema-instance' xmlns:xs='http://www.w3.org/2001/XMLSchema' xmlns:typens='http://www.esri.com/schemas/ArcGIS/10.1'&gt;&lt;WKT&gt;GEOGCS[&amp;quot;GCS_Luzon_1911&amp;quot;,DATUM[&amp;quot;D_Luzon_1911&amp;quot;,SPHEROID[&amp;quot;Clarke_1866&amp;quot;,6378206.4,294.9786982]],PRIMEM[&amp;quot;Greenwich&amp;quot;,0.0],UNIT[&amp;quot;Degree&amp;quot;,0.0174532925199433],METADATA[&amp;quot;Philippines - onshore&amp;quot;,116.9,5.0,126.65,19.44,0.0,0.0174532925199433,0.0,3969],AUTHORITY[&amp;quot;EPSG&amp;quot;,4253]]&lt;/WKT&gt;&lt;XOrigin&gt;-400&lt;/XOrigin&gt;&lt;YOrigin&gt;-400&lt;/YOrigin&gt;&lt;XYScale&gt;11258999068426.238&lt;/XYScale&gt;&lt;ZOrigin&gt;-100000&lt;/ZOrigin&gt;&lt;ZScale&gt;10000&lt;/ZScale&gt;&lt;MOrigin&gt;-100000&lt;/MOrigin&gt;&lt;MScale&gt;10000&lt;/MScale&gt;&lt;XYTolerance&gt;8.9830550972891565e-009&lt;/XYTolerance&gt;&lt;ZTolerance&gt;0.001&lt;/ZTolerance&gt;&lt;MTolerance&gt;0.001&lt;/MTolerance&gt;&lt;HighPrecision&gt;true&lt;/HighPrecision&gt;&lt;LeftLongitude&gt;-180&lt;/LeftLongitude&gt;&lt;WKID&gt;4253&lt;/WKID&gt;&lt;LatestWKID&gt;4253&lt;/LatestWKID&gt;&lt;/GeographicCoordinateSystem&gt;</peXml></coordRef></DataProperties><ArcGISstyle>ISO 19139 Metadata Implementation Specification</ArcGISstyle><SyncDate>20130522</SyncDate><SyncTime>17092800</SyncTime><ModDate>20130522</ModDate><ModTime>17092800</ModTime></Esri><dataIdInfo><envirDesc Sync="TRUE">Microsoft Windows 7 Version 6.1 (Build 7601) Service Pack 1; Esri ArcGIS 10.1.1.3143</envirDesc><dataLang><languageCode value="eng" Sync="TRUE"></languageCode><countryCode value="USA" Sync="TRUE"></countryCode></dataLang><idCitation><resTitle Sync="TRUE">AgusanDelNorte_Geomorphological</resTitle><presForm><PresFormCd value="005" Sync="TRUE"></PresFormCd></presForm></idCitation><spatRpType><SpatRepTypCd value="001" Sync="TRUE"></SpatRepTypCd></spatRpType></dataIdInfo><mdLang><languageCode value="eng" Sync="TRUE"></languageCode><countryCode value="USA" Sync="TRUE"></countryCode></mdLang><distInfo><distFormat><formatName Sync="TRUE">Shapefile</formatName></distFormat><distTranOps><transSize Sync="TRUE">0.000</transSize></distTranOps></distInfo><mdHrLv><ScopeCd value="005" Sync="TRUE"></ScopeCd></mdHrLv><mdHrLvName Sync="TRUE">dataset</mdHrLvName><refSysInfo><RefSystem><refSysID><identCode code="4253" Sync="TRUE"></identCode><idCodeSpace Sync="TRUE">EPSG</idCodeSpace><idVersion Sync="TRUE">7.11.2</idVersion></refSysID></RefSystem></refSysInfo><spatRepInfo><VectSpatRep><geometObjs Name="AgusanDelNorte_Geomorphological"><geoObjTyp><GeoObjTypCd value="002" Sync="TRUE"></GeoObjTypCd></geoObjTyp><geoObjCnt Sync="TRUE">0</geoObjCnt></geometObjs><topLvl><TopoLevCd value="001" Sync="TRUE"></TopoLevCd></topLvl></VectSpatRep></spatRepInfo><spdoinfo><ptvctinf><esriterm Name="AgusanDelNorte_Geomorphological"><efeatyp Sync="TRUE">Simple</efeatyp><efeageom code="4" Sync="TRUE"></efeageom><esritopo Sync="TRUE">FALSE</esritopo><efeacnt Sync="TRUE">0</efeacnt><spindex Sync="TRUE">FALSE</spindex><linrefer Sync="TRUE">FALSE</linrefer></esriterm></ptvctinf></spdoinfo><eainfo><detailed Name="AgusanDelNorte_Geomorphological"><enttyp><enttypl Sync="TRUE">AgusanDelNorte_Geomorphological</enttypl><enttypt Sync="TRUE">Feature Class</enttypt><enttypc Sync="TRUE">0</enttypc></enttyp><attr><attrlabl Sync="TRUE">FID</attrlabl><attalias Sync="TRUE">FID</attalias><attrtype Sync="TRUE">OID</attrtype><attwidth Sync="TRUE">4</attwidth><atprecis Sync="TRUE">0</atprecis><attscale Sync="TRUE">0</attscale><attrdef Sync="TRUE">Internal feature number.</attrdef><attrdefs Sync="TRUE">Esri</attrdefs><attrdomv><udom Sync="TRUE">Sequential unique whole numbers that are automatically generated.</udom></attrdomv></attr><attr><attrlabl Sync="TRUE">Shape</attrlabl><attalias Sync="TRUE">Shape</attalias><attrtype Sync="TRUE">Geometry</attrtype><attwidth Sync="TRUE">0</attwidth><atprecis Sync="TRUE">0</atprecis><attscale Sync="TRUE">0</attscale><attrdef Sync="TRUE">Feature geometry.</attrdef><attrdefs Sync="TRUE">Esri</attrdefs><attrdomv><udom Sync="TRUE">Coordinates defining the features.</udom></attrdomv></attr><attr><attrlabl Sync="TRUE">DESCRIP</attrlabl><attalias Sync="TRUE">DESCRIP</attalias><attrtype Sync="TRUE">String</attrtype><attwidth Sync="TRUE">254</attwidth><atprecis Sync="TRUE">0</atprecis><attscale Sync="TRUE">0</attscale></attr><attr><attrlabl Sync="TRUE">MAPDATE</attrlabl><attalias Sync="TRUE">MAPDATE</attalias><attrtype Sync="TRUE">String</attrtype><attwidth Sync="TRUE">10</attwidth><atprecis Sync="TRUE">0</atprecis><attscale Sync="TRUE">0</attscale></attr><attr><attrlabl Sync="TRUE">MAPSCALE</attrlabl><attalias Sync="TRUE">MAPSCALE</attalias><attrtype Sync="TRUE">Integer</attrtype><attwidth Sync="TRUE">9</attwidth><atprecis Sync="TRUE">9</atprecis><attscale Sync="TRUE">0</attscale></attr><attr><attrlabl Sync="TRUE">PROVINCE</attrlabl><attalias Sync="TRUE">PROVINCE</attalias><attrtype Sync="TRUE">String</attrtype><attwidth Sync="TRUE">50</attwidth><atprecis Sync="TRUE">0</atprecis><attscale Sync="TRUE">0</attscale></attr><attr><attrlabl Sync="TRUE">CATEGORY</attrlabl><attalias Sync="TRUE">CATEGORY</attalias><attrtype Sync="TRUE">String</attrtype><attwidth Sync="TRUE">254</attwidth><atprecis Sync="TRUE">0</atprecis><attscale Sync="TRUE">0</attscale></attr><attr><attrlabl Sync="TRUE">SOURCE</attrlabl><attalias Sync="TRUE">SOURCE</attalias><attrtype Sync="TRUE">String</attrtype><attwidth Sync="TRUE">254</attwidth><atprecis Sync="TRUE">0</atprecis><attscale Sync="TRUE">0</attscale></attr><attr><attrlabl Sync="TRUE">MAPTYPE</attrlabl><attalias Sync="TRUE">MAPTYPE</attalias><attrtype Sync="TRUE">String</attrtype><attwidth Sync="TRUE">50</attwidth><atprecis Sync="TRUE">0</atprecis><attscale Sync="TRUE">0</attscale></attr><attr><attrlabl Sync="TRUE">CLASS</attrlabl><attalias Sync="TRUE">CLASS</attalias><attrtype Sync="TRUE">String</attrtype><attwidth Sync="TRUE">15</attwidth><atprecis Sync="TRUE">0</atprecis><attscale Sync="TRUE">0</attscale></attr><attr><attrlabl Sync="TRUE">SHAPE_Leng</attrlabl><attalias Sync="TRUE">SHAPE_Leng</attalias><attrtype Sync="TRUE">Double</attrtype><attwidth Sync="TRUE">19</attwidth><atprecis Sync="TRUE">0</atprecis><attscale Sync="TRUE">0</attscale></attr><attr><attrlabl Sync="TRUE">SHAPE_Area</attrlabl><attalias Sync="TRUE">SHAPE_Area</attalias><attrtype Sync="TRUE">Double</attrtype><attwidth Sync="TRUE">19</attwidth><atprecis Sync="TRUE">0</atprecis><attscale Sync="TRUE">0</attscale><attrdef Sync="TRUE">Area of feature in internal units squared.</attrdef><attrdefs Sync="TRUE">Esri</attrdefs><attrdomv><udom Sync="TRUE">Positive real numbers that are automatically generated.</udom></attrdomv></attr></detailed></eainfo><mdDateSt Sync="TRUE">20130522</mdDateSt></metadata>
