<metadata xml:lang="en"><Esri><CreaDate>20130521</CreaDate><CreaTime>14451100</CreaTime><ArcGISFormat>1.0</ArcGISFormat><SyncOnce>FALSE</SyncOnce><DataProperties><lineage><Process Name="Add Field" ToolSource="c:\program files\arcgis\desktop10.1\ArcToolbox\Toolboxes\Data Management Tools.tbx\AddField" Date="20130521" Time="073612">AddField M:\Philippines\Bukidnon.gdb\Bukidnon_GeoMorph DESCRIP TEXT # # 254 # NULLABLE NON_REQUIRED #</Process><Process Name="Add Field (2)" ToolSource="c:\program files\arcgis\desktop10.1\ArcToolbox\Toolboxes\Data Management Tools.tbx\AddField" Date="20130521" Time="073614">AddField M:\Philippines\Bukidnon.gdb\Bukidnon_GeoMorph MAPDATE TEXT # # 10 # NULLABLE NON_REQUIRED #</Process><Process Name="Add Field (3)" ToolSource="c:\program files\arcgis\desktop10.1\ArcToolbox\Toolboxes\Data Management Tools.tbx\AddField" Date="20130521" Time="073616">AddField M:\Philippines\Bukidnon.gdb\Bukidnon_GeoMorph MAPSCALE LONG # # 10 # NULLABLE NON_REQUIRED #</Process><Process Name="Add Field (4)" ToolSource="c:\program files\arcgis\desktop10.1\ArcToolbox\Toolboxes\Data Management Tools.tbx\AddField" Date="20130521" Time="073618">AddField M:\Philippines\Bukidnon.gdb\Bukidnon_GeoMorph PROVINCE TEXT # # 50 # NULLABLE NON_REQUIRED #</Process><Process Name="Add Field (5)" ToolSource="c:\program files\arcgis\desktop10.1\ArcToolbox\Toolboxes\Data Management Tools.tbx\AddField" Date="20130521" Time="073620">AddField M:\Philippines\Bukidnon.gdb\Bukidnon_GeoMorph CATEGORY TEXT # # 254 # NULLABLE NON_REQUIRED #</Process><Process Name="Add Field (6)" ToolSource="c:\program files\arcgis\desktop10.1\ArcToolbox\Toolboxes\Data Management Tools.tbx\AddField" Date="20130521" Time="073622">AddField M:\Philippines\Bukidnon.gdb\Bukidnon_GeoMorph SOURCE TEXT # # 255 # NULLABLE NON_REQUIRED #</Process><Process Name="Add Field (7)" ToolSource="c:\program files\arcgis\desktop10.1\ArcToolbox\Toolboxes\Data Management Tools.tbx\AddField" Date="20130521" Time="073624">AddField M:\Philippines\Bukidnon.gdb\Bukidnon_GeoMorph MAPTYPE TEXT # # 50 # NULLABLE NON_REQUIRED #</Process><Process Name="Add Field (8)" ToolSource="c:\program files\arcgis\desktop10.1\ArcToolbox\Toolboxes\Data Management Tools.tbx\AddField" Date="20130521" Time="073626">AddField M:\Philippines\Bukidnon.gdb\Bukidnon_GeoMorph CLASS TEXT # # 15 # NULLABLE NON_REQUIRED #</Process><Process ToolSource="c:\program files\arcgis\desktop10.1\ArcToolbox\Toolboxes\Data Management Tools.tbx\CalculateField" Date="20130521" Time="101202">CalculateField Bukidnon_GeoMorph SOURCE "Bukidnon_GeoMorph12" VB #</Process><Process ToolSource="c:\program files\arcgis\desktop10.1\ArcToolbox\Toolboxes\Data Management Tools.tbx\CalculateField" Date="20130521" Time="101240">CalculateField Bukidnon_GeoMorph PROVINCE "Bukidnon" VB #</Process><Process ToolSource="c:\program files\arcgis\desktop10.1\ArcToolbox\Toolboxes\Data Management Tools.tbx\CalculateField" Date="20130521" Time="101303">CalculateField Bukidnon_GeoMorph CATEGORY "GEOMORPHOLOGICAL" VB #</Process><Process ToolSource="c:\program files\arcgis\desktop10.1\ArcToolbox\Toolboxes\Data Management Tools.tbx\CalculateField" Date="20130521" Time="101310">CalculateField Bukidnon_GeoMorph MAPTYPE "GEOMORPHOLOGICAL" VB #</Process><Process ToolSource="c:\program files\arcgis\desktop10.1\ArcToolbox\Toolboxes\Data Management Tools.tbx\CalculateField" Date="20130521" Time="101322">CalculateField Bukidnon_GeoMorph MAPSCALE "50000" VB #</Process><Process ToolSource="c:\program files\arcgis\desktop10.1\ArcToolbox\Toolboxes\Data Management Tools.tbx\CalculateField" Date="20130521" Time="101356">CalculateField Bukidnon_GeoMorph CATEGORY "" VB #</Process><Process ToolSource="c:\program files\arcgis\desktop10.1\ArcToolbox\Toolboxes\Data Management Tools.tbx\CalculateField" Date="20130521" Time="101504">CalculateField Bukidnon_GeoMorph CATEGORY "BROAD ALLUVIAL PLAINS" VB #</Process><Process ToolSource="c:\program files\arcgis\desktop10.1\ArcToolbox\Toolboxes\Data Management Tools.tbx\CalculateField" Date="20130521" Time="101524">CalculateField Bukidnon_GeoMorph CATEGORY "MISCELLANEIOUS LAND TYPES" VB #</Process><Process ToolSource="c:\program files\arcgis\desktop10.1\ArcToolbox\Toolboxes\Data Management Tools.tbx\CalculateField" Date="20130521" Time="101625">CalculateField Bukidnon_GeoMorph CATEGORY "VOLCANIC FOOTSLOPES" VB #</Process><Process ToolSource="c:\program files\arcgis\desktop10.1\ArcToolbox\Toolboxes\Data Management Tools.tbx\CalculateField" Date="20130521" Time="101648">CalculateField Bukidnon_GeoMorph CATEGORY "SEDIMENTARY HILLS" VB #</Process><Process ToolSource="c:\program files\arcgis\desktop10.1\ArcToolbox\Toolboxes\Data Management Tools.tbx\CalculateField" Date="20130521" Time="101705">CalculateField Bukidnon_GeoMorph CATEGORY "VOLCANIC HILLS" VB #</Process><Process ToolSource="c:\program files\arcgis\desktop10.1\ArcToolbox\Toolboxes\Data Management Tools.tbx\CalculateField" Date="20130521" Time="101715">CalculateField Bukidnon_GeoMorph CATEGORY "VOLCANIC HILLS" VB #</Process><Process ToolSource="c:\program files\arcgis\desktop10.1\ArcToolbox\Toolboxes\Data Management Tools.tbx\CalculateField" Date="20130521" Time="101924">CalculateField Bukidnon_GeoMorph DESCRIP "LOWER RIVER TERRACES" VB #</Process><Process ToolSource="c:\program files\arcgis\desktop10.1\ArcToolbox\Toolboxes\Data Management Tools.tbx\CalculateField" Date="20130521" Time="102009">CalculateField Bukidnon_GeoMorph DESCRIP "CANYON AND GORGES" VB #</Process><Process ToolSource="c:\program files (x86)\arcgis\desktop10.1\ArcToolbox\Toolboxes\Data Management Tools.tbx\CalculateField" Date="20130521" Time="122301">CalculateField Bukidnon_GeoMorph MAPDATE "UNKNOWN" VB #</Process><Process ToolSource="c:\program files (x86)\arcgis\desktop10.1\ArcToolbox\Toolboxes\Data Management Tools.tbx\Project" Date="20130521" Time="144514">Project M:\Philippines\Bukidnon.gdb\Bukidnon_GeoMorph M:\Philippines\PROJECTED_DELIVERED_ASHWIN50.gdb\Bukidnon_GeoMorph_Project GEOGCS['GCS_Luzon_1911',DATUM['D_Luzon_1911',SPHEROID['Clarke_1866',6378206.4,294.9786982]],PRIMEM['Greenwich',0.0],UNIT['Degree',0.0174532925199433],METADATA['Philippines - onshore',116.9,5.0,126.65,19.44,0.0,0.0174532925199433,0.0,3969]] Luzon_1911_To_WGS_1984_1 GEOGCS['GCS_WGS_1984',DATUM['D_WGS_1984',SPHEROID['WGS_1984',6378137.0,298.257223563]],PRIMEM['Greenwich',0.0],UNIT['Degree',0.0174532925199433],METADATA['World',-180.0,-90.0,180.0,90.0,0.0,0.0174532925199433,0.0,1262]]</Process><Process ToolSource="c:\program files (x86)\arcgis\desktop10.1\ArcToolbox\Toolboxes\Conversion Tools.tbx\FeatureClassToFeatureClass" Date="20130521" Time="153010">FeatureClassToFeatureClass M:\Philippines\PROJECTED_DELIVERED_ASHWIN50.gdb\Bukidnon_GeoMorph_Project M:\Philippines\Tools\TestOutput Bukidnon_GeoMorph12.shp # "DESCRIP "DESCRIP" true true false 254 Text 0 0 ,First,#,M:\Philippines\PROJECTED_DELIVERED_ASHWIN50.gdb\Bukidnon_GeoMorph_Project,DESCRIP,-1,-1;MAPDATE "MAPDATE" true true false 10 Text 0 0 ,First,#,M:\Philippines\PROJECTED_DELIVERED_ASHWIN50.gdb\Bukidnon_GeoMorph_Project,MAPDATE,-1,-1;MAPSCALE "MAPSCALE" true true false 4 Long 0 0 ,First,#,M:\Philippines\PROJECTED_DELIVERED_ASHWIN50.gdb\Bukidnon_GeoMorph_Project,MAPSCALE,-1,-1;PROVINCE "PROVINCE" true true false 50 Text 0 0 ,First,#,M:\Philippines\PROJECTED_DELIVERED_ASHWIN50.gdb\Bukidnon_GeoMorph_Project,PROVINCE,-1,-1;CATEGORY "CATEGORY" true true false 254 Text 0 0 ,First,#,M:\Philippines\PROJECTED_DELIVERED_ASHWIN50.gdb\Bukidnon_GeoMorph_Project,CATEGORY,-1,-1;SOURCE "SOURCE" true true false 255 Text 0 0 ,First,#,M:\Philippines\PROJECTED_DELIVERED_ASHWIN50.gdb\Bukidnon_GeoMorph_Project,SOURCE,-1,-1;MAPTYPE "MAPTYPE" true true false 50 Text 0 0 ,First,#,M:\Philippines\PROJECTED_DELIVERED_ASHWIN50.gdb\Bukidnon_GeoMorph_Project,MAPTYPE,-1,-1;CLASS "CLASS" true true false 15 Text 0 0 ,First,#,M:\Philippines\PROJECTED_DELIVERED_ASHWIN50.gdb\Bukidnon_GeoMorph_Project,CLASS,-1,-1;SHAPE_Leng "SHAPE_Length" false true true 8 Double 0 0 ,First,#,M:\Philippines\PROJECTED_DELIVERED_ASHWIN50.gdb\Bukidnon_GeoMorph_Project,SHAPE_Length,-1,-1;SHAPE_Area "SHAPE_Area" false true true 8 Double 0 0 ,First,#,M:\Philippines\PROJECTED_DELIVERED_ASHWIN50.gdb\Bukidnon_GeoMorph_Project,SHAPE_Area,-1,-1" #</Process></lineage><itemProps><itemLocation><linkage Sync="TRUE">file://\\pacific\production\Philippines\Tools\TestOutput\Bukidnon_GeoMorph12.shp</linkage><protocol Sync="TRUE">Local Area Network</protocol></itemLocation><itemName Sync="TRUE">Bukidnon_GeoMorph12</itemName><imsContentType Sync="TRUE">002</imsContentType><itemSize Sync="TRUE">0.000</itemSize></itemProps><coordRef><type Sync="TRUE">Geographic</type><geogcsn Sync="TRUE">GCS_Luzon_1911</geogcsn><csUnits Sync="TRUE">Angular Unit: Degree (0.017453)</csUnits><peXml Sync="TRUE">&lt;GeographicCoordinateSystem xsi:type='typens:GeographicCoordinateSystem' xmlns:xsi='http://www.w3.org/2001/XMLSchema-instance' xmlns:xs='http://www.w3.org/2001/XMLSchema' xmlns:typens='http://www.esri.com/schemas/ArcGIS/10.1'&gt;&lt;WKT&gt;GEOGCS[&amp;quot;GCS_Luzon_1911&amp;quot;,DATUM[&amp;quot;D_Luzon_1911&amp;quot;,SPHEROID[&amp;quot;Clarke_1866&amp;quot;,6378206.4,294.9786982]],PRIMEM[&amp;quot;Greenwich&amp;quot;,0.0],UNIT[&amp;quot;Degree&amp;quot;,0.0174532925199433],METADATA[&amp;quot;Philippines - onshore&amp;quot;,116.9,5.0,126.65,19.44,0.0,0.0174532925199433,0.0,3969],AUTHORITY[&amp;quot;EPSG&amp;quot;,4253]]&lt;/WKT&gt;&lt;XOrigin&gt;-400&lt;/XOrigin&gt;&lt;YOrigin&gt;-400&lt;/YOrigin&gt;&lt;XYScale&gt;11258999068426.238&lt;/XYScale&gt;&lt;ZOrigin&gt;-100000&lt;/ZOrigin&gt;&lt;ZScale&gt;10000&lt;/ZScale&gt;&lt;MOrigin&gt;-100000&lt;/MOrigin&gt;&lt;MScale&gt;10000&lt;/MScale&gt;&lt;XYTolerance&gt;8.9830550972891565e-009&lt;/XYTolerance&gt;&lt;ZTolerance&gt;0.001&lt;/ZTolerance&gt;&lt;MTolerance&gt;0.001&lt;/MTolerance&gt;&lt;HighPrecision&gt;true&lt;/HighPrecision&gt;&lt;LeftLongitude&gt;-180&lt;/LeftLongitude&gt;&lt;WKID&gt;4253&lt;/WKID&gt;&lt;LatestWKID&gt;4253&lt;/LatestWKID&gt;&lt;/GeographicCoordinateSystem&gt;</peXml></coordRef></DataProperties><ArcGISstyle>ISO 19139 Metadata Implementation Specification</ArcGISstyle><SyncDate>20130521</SyncDate><SyncTime>15300900</SyncTime><ModDate>20130521</ModDate><ModTime>15300900</ModTime></Esri><dataIdInfo><envirDesc Sync="TRUE">Microsoft Windows 7 Version 6.1 (Build 7601) Service Pack 1; Esri ArcGIS 10.1.1.3143</envirDesc><dataLang><languageCode value="eng" Sync="TRUE"></languageCode><countryCode value="USA" Sync="TRUE"></countryCode></dataLang><idCitation><resTitle Sync="TRUE">Bukidnon_GeoMorph12</resTitle><presForm><PresFormCd value="005" Sync="TRUE"></PresFormCd></presForm></idCitation><spatRpType><SpatRepTypCd value="001" Sync="TRUE"></SpatRepTypCd></spatRpType></dataIdInfo><mdLang><languageCode value="eng" Sync="TRUE"></languageCode><countryCode value="USA" Sync="TRUE"></countryCode></mdLang><distInfo><distFormat><formatName Sync="TRUE">Shapefile</formatName></distFormat><distTranOps><transSize Sync="TRUE">0.000</transSize></distTranOps></distInfo><mdHrLv><ScopeCd value="005" Sync="TRUE"></ScopeCd></mdHrLv><mdHrLvName Sync="TRUE">dataset</mdHrLvName><refSysInfo><RefSystem><refSysID><identCode code="4253" Sync="TRUE"></identCode><idCodeSpace Sync="TRUE">EPSG</idCodeSpace><idVersion Sync="TRUE">7.11.2</idVersion></refSysID></RefSystem></refSysInfo><spatRepInfo><VectSpatRep><geometObjs Name="Bukidnon_GeoMorph12"><geoObjTyp><GeoObjTypCd value="002" Sync="TRUE"></GeoObjTypCd></geoObjTyp><geoObjCnt Sync="TRUE">0</geoObjCnt></geometObjs><topLvl><TopoLevCd value="001" Sync="TRUE"></TopoLevCd></topLvl></VectSpatRep></spatRepInfo><spdoinfo><ptvctinf><esriterm Name="Bukidnon_GeoMorph12"><efeatyp Sync="TRUE">Simple</efeatyp><efeageom code="4" Sync="TRUE"></efeageom><esritopo Sync="TRUE">FALSE</esritopo><efeacnt Sync="TRUE">0</efeacnt><spindex Sync="TRUE">FALSE</spindex><linrefer Sync="TRUE">FALSE</linrefer></esriterm></ptvctinf></spdoinfo><eainfo><detailed Name="Bukidnon_GeoMorph12"><enttyp><enttypl Sync="TRUE">Bukidnon_GeoMorph12</enttypl><enttypt Sync="TRUE">Feature Class</enttypt><enttypc Sync="TRUE">0</enttypc></enttyp><attr><attrlabl Sync="TRUE">FID</attrlabl><attalias Sync="TRUE">FID</attalias><attrtype Sync="TRUE">OID</attrtype><attwidth Sync="TRUE">4</attwidth><atprecis Sync="TRUE">0</atprecis><attscale Sync="TRUE">0</attscale><attrdef Sync="TRUE">Internal feature number.</attrdef><attrdefs Sync="TRUE">Esri</attrdefs><attrdomv><udom Sync="TRUE">Sequential unique whole numbers that are automatically generated.</udom></attrdomv></attr><attr><attrlabl Sync="TRUE">Shape</attrlabl><attalias Sync="TRUE">Shape</attalias><attrtype Sync="TRUE">Geometry</attrtype><attwidth Sync="TRUE">0</attwidth><atprecis Sync="TRUE">0</atprecis><attscale Sync="TRUE">0</attscale><attrdef Sync="TRUE">Feature geometry.</attrdef><attrdefs Sync="TRUE">Esri</attrdefs><attrdomv><udom Sync="TRUE">Coordinates defining the features.</udom></attrdomv></attr><attr><attrlabl Sync="TRUE">DESCRIP</attrlabl><attalias Sync="TRUE">DESCRIP</attalias><attrtype Sync="TRUE">String</attrtype><attwidth Sync="TRUE">254</attwidth><atprecis Sync="TRUE">0</atprecis><attscale Sync="TRUE">0</attscale></attr><attr><attrlabl Sync="TRUE">MAPDATE</attrlabl><attalias Sync="TRUE">MAPDATE</attalias><attrtype Sync="TRUE">String</attrtype><attwidth Sync="TRUE">10</attwidth><atprecis Sync="TRUE">0</atprecis><attscale Sync="TRUE">0</attscale></attr><attr><attrlabl Sync="TRUE">MAPSCALE</attrlabl><attalias Sync="TRUE">MAPSCALE</attalias><attrtype Sync="TRUE">Integer</attrtype><attwidth Sync="TRUE">9</attwidth><atprecis Sync="TRUE">9</atprecis><attscale Sync="TRUE">0</attscale></attr><attr><attrlabl Sync="TRUE">PROVINCE</attrlabl><attalias Sync="TRUE">PROVINCE</attalias><attrtype Sync="TRUE">String</attrtype><attwidth Sync="TRUE">50</attwidth><atprecis Sync="TRUE">0</atprecis><attscale Sync="TRUE">0</attscale></attr><attr><attrlabl Sync="TRUE">CATEGORY</attrlabl><attalias Sync="TRUE">CATEGORY</attalias><attrtype Sync="TRUE">String</attrtype><attwidth Sync="TRUE">254</attwidth><atprecis Sync="TRUE">0</atprecis><attscale Sync="TRUE">0</attscale></attr><attr><attrlabl Sync="TRUE">SOURCE</attrlabl><attalias Sync="TRUE">SOURCE</attalias><attrtype Sync="TRUE">String</attrtype><attwidth Sync="TRUE">254</attwidth><atprecis Sync="TRUE">0</atprecis><attscale Sync="TRUE">0</attscale></attr><attr><attrlabl Sync="TRUE">MAPTYPE</attrlabl><attalias Sync="TRUE">MAPTYPE</attalias><attrtype Sync="TRUE">String</attrtype><attwidth Sync="TRUE">50</attwidth><atprecis Sync="TRUE">0</atprecis><attscale Sync="TRUE">0</attscale></attr><attr><attrlabl Sync="TRUE">CLASS</attrlabl><attalias Sync="TRUE">CLASS</attalias><attrtype Sync="TRUE">String</attrtype><attwidth Sync="TRUE">15</attwidth><atprecis Sync="TRUE">0</atprecis><attscale Sync="TRUE">0</attscale></attr><attr><attrlabl Sync="TRUE">SHAPE_Leng</attrlabl><attalias Sync="TRUE">SHAPE_Leng</attalias><attrtype Sync="TRUE">Double</attrtype><attwidth Sync="TRUE">19</attwidth><atprecis Sync="TRUE">0</atprecis><attscale Sync="TRUE">0</attscale></attr><attr><attrlabl Sync="TRUE">SHAPE_Area</attrlabl><attalias Sync="TRUE">SHAPE_Area</attalias><attrtype Sync="TRUE">Double</attrtype><attwidth Sync="TRUE">19</attwidth><atprecis Sync="TRUE">0</atprecis><attscale Sync="TRUE">0</attscale><attrdef Sync="TRUE">Area of feature in internal units squared.</attrdef><attrdefs Sync="TRUE">Esri</attrdefs><attrdomv><udom Sync="TRUE">Positive real numbers that are automatically generated.</udom></attrdomv></attr></detailed></eainfo><mdDateSt Sync="TRUE">20130521</mdDateSt></metadata>
