<?xml version="1.0" encoding="UTF-8"?>
<metadata xml:lang="en"><Esri><CreaDate>20130911</CreaDate><CreaTime>10574900</CreaTime><SyncOnce>TRUE</SyncOnce><DataProperties><lineage><Process Name="Create Feature Class" ToolSource="c:\program files (x86)\arcgis\desktop10.1\ArcToolbox\Toolboxes\Data Management Tools.tbx\CreateFeatureclass" Date="20130821" Time="230740">CreateFeatureclass \\Gza-wsus\BSWMGIS\Surigao\Shapefile Surigao_DelSur_LUV6 POLYGON \\GZA-WSUS\bswmgis\Reference_Data\Polygon.shp DISABLED DISABLED "GEOGCS['GCS_Luzon_1911',DATUM['D_Luzon_1911',SPHEROID['Clarke_1866',6378206.4,294.9786982]],PRIMEM['Greenwich',0.0],UNIT['Degree',0.0174532925199433],METADATA['Philippines - onshore',116.9,5.0,126.65,19.44,0.0,0.0174532925199433,0.0,3969]];-400 -400 1000000000;-100000 10000;-100000 10000;8.98305509728916E-09;0.001;0.001;IsHighPrecision" # 0 0 0</Process><Process Name="Calculate 'MAPDATE' Field as String" ToolSource="c:\program files (x86)\arcgis\desktop10.1\ArcToolbox\Toolboxes\Data Management Tools.tbx\CalculateField" Date="20130822" Time="203903">CalculateField Surigao_DelSur_LUV6 MAPDATE 1956 VB #</Process><Process Name="Calculate Province Name Field" ToolSource="c:\program files (x86)\arcgis\desktop10.1\ArcToolbox\Toolboxes\Data Management Tools.tbx\CalculateField" Date="20130822" Time="203904">CalculateField Surigao_DelSur_LUV6 PROVINCE "Surigao del Sur" VB #</Process><Process Name="Calculate Map Scale Field" ToolSource="c:\program files (x86)\arcgis\desktop10.1\ArcToolbox\Toolboxes\Data Management Tools.tbx\CalculateField" Date="20130822" Time="203904">CalculateField Surigao_DelSur_LUV6 MAPSCALE 50000 VB #</Process><Process Name="Calculate MAPTYPE Field" ToolSource="c:\program files (x86)\arcgis\desktop10.1\ArcToolbox\Toolboxes\Data Management Tools.tbx\CalculateField" Date="20130822" Time="203904">CalculateField Surigao_DelSur_LUV6 MAPTYPE 'LAND USE AND VEGETATION' PYTHON #</Process><Process Name="Calculate SOURCE Field" ToolSource="c:\program files (x86)\arcgis\desktop10.1\ArcToolbox\Toolboxes\Data Management Tools.tbx\CalculateField" Date="20130822" Time="203904">CalculateField Surigao_DelSur_LUV6 SOURCE 'Surigao_DelSur_LUV6' PYTHON #</Process><Process ToolSource="C:\Program Files\ArcGIS\Desktop10.0\ArcToolbox\Toolboxes\Data Management Tools.tbx\CalculateField" Date="20130827" Time="073644">CalculateField Surigao_DelSur_LUV6 CATEGORY "OIL CROPS" VB #</Process><Process ToolSource="C:\Program Files\ArcGIS\Desktop10.0\ArcToolbox\Toolboxes\Data Management Tools.tbx\CalculateField" Date="20130827" Time="073655">CalculateField Surigao_DelSur_LUV6 CATEGORY "SHRUBLAND AREAS" VB #</Process><Process ToolSource="C:\Program Files\ArcGIS\Desktop10.0\ArcToolbox\Toolboxes\Data Management Tools.tbx\CalculateField" Date="20130827" Time="073710">CalculateField Surigao_DelSur_LUV6 CATEGORY "WETLAND" VB #</Process><Process ToolSource="C:\Program Files\ArcGIS\Desktop10.0\ArcToolbox\Toolboxes\Data Management Tools.tbx\CalculateField" Date="20130827" Time="073729">CalculateField Surigao_DelSur_LUV6 CATEGORY "SPECIAL LAND USE" VB #</Process><Process ToolSource="C:\Program Files\ArcGIS\Desktop10.0\ArcToolbox\Toolboxes\Data Management Tools.tbx\CalculateField" Date="20130827" Time="073745">CalculateField Surigao_DelSur_LUV6 CATEGORY "AGRICULTURAL AREAS" VB #</Process><Process ToolSource="c:\program files (x86)\arcgis\desktop10.1\ArcToolbox\Toolboxes\Data Management Tools.tbx\CalculateField" Date="20130905" Time="125540">CalculateField SuriagoDelNorte_GeologicalMap CATEGORY "ALLUVIUM" VB #</Process><Process ToolSource="c:\program files (x86)\arcgis\desktop10.1\ArcToolbox\Toolboxes\Data Management Tools.tbx\CalculateField" Date="20130905" Time="125556">CalculateField SuriagoDelNorte_GeologicalMap CATEGORY "ULTRAMAFIC COMPLEX" VB #</Process><Process ToolSource="c:\program files (x86)\arcgis\desktop10.1\ArcToolbox\Toolboxes\Data Management Tools.tbx\CalculateField" Date="20130905" Time="125632">CalculateField SuriagoDelNorte_GeologicalMap SOURCE "SurigaoDelNorte_GeologicalMap" VB #</Process><Process ToolSource="c:\program files (x86)\arcgis\desktop10.1\ArcToolbox\Toolboxes\Data Management Tools.tbx\CalculateField" Date="20130905" Time="125640">CalculateField SuriagoDelNorte_GeologicalMap MAPTYPE "GEOLOGY" VB #</Process><Process ToolSource="c:\program files (x86)\arcgis\desktop10.1\ArcToolbox\Toolboxes\Data Management Tools.tbx\CalculateField" Date="20130905" Time="125655">CalculateField SuriagoDelNorte_GeologicalMap PROVINCE "Surigao Del Norte" VB #</Process><Process ToolSource="c:\program files (x86)\arcgis\desktop10.1\ArcToolbox\Toolboxes\Data Management Tools.tbx\CalculateField" Date="20130905" Time="125702">CalculateField SuriagoDelNorte_GeologicalMap MAPSCALE 50000 VB #</Process><Process ToolSource="c:\program files (x86)\arcgis\desktop10.1\ArcToolbox\Toolboxes\Data Management Tools.tbx\CalculateField" Date="20130905" Time="125710">CalculateField SuriagoDelNorte_GeologicalMap MAPDATE 1980 VB #</Process><Process ToolSource="c:\program files (x86)\arcgis\desktop10.1\ArcToolbox\Toolboxes\Data Management Tools.tbx\CalculateField" Date="20130905" Time="125718">CalculateField SuriagoDelNorte_GeologicalMap DESCRIP [CATEGORY] VB #</Process></lineage><itemProps><itemLocation><linkage Sync="TRUE">file://\\gza-wsus\bswmgis\August_28_Zipfile3\SuriagoDelNorte_GeologicalMap</linkage><protocol Sync="TRUE">Local Area Network</protocol></itemLocation></itemProps><copyHistory><copy source="\\gza-wsus\bswmgis\August_28_BSWM_Delivery\SuriagoDelNorte_GeologicalMap" dest="\\gza-wsus\bswmgis\August_28_Zipfile3\SuriagoDelNorte_GeologicalMap" date="20130911" time="10574900"></copy></copyHistory></DataProperties><ArcGISstyle>FGDC CSDGM Metadata</ArcGISstyle></Esri></metadata>
