<?xml version="1.0" encoding="UTF-8"?>
<metadata xml:lang="en"><Esri><CreaDate>20130827</CreaDate><CreaTime>08030900</CreaTime><SyncOnce>TRUE</SyncOnce><DataProperties><lineage><Process Name="Create Feature Class" ToolSource="c:\program files (x86)\arcgis\desktop10.1\ArcToolbox\Toolboxes\Data Management Tools.tbx\CreateFeatureclass" Date="20130822" Time="225137">CreateFeatureclass \\Gza-wsus\BSWMGIS\Tawi\Shapefile Tawi_CropZone12 POLYGON \\GZA-WSUS\bswmgis\Reference_Data\Polygon.shp DISABLED DISABLED "GEOGCS['GCS_Luzon_1911',DATUM['D_Luzon_1911',SPHEROID['Clarke_1866',6378206.4,294.9786982]],PRIMEM['Greenwich',0.0],UNIT['Degree',0.0174532925199433],METADATA['Philippines - onshore',116.9,5.0,126.65,19.44,0.0,0.0174532925199433,0.0,3969]];-400 -400 1000000000;-100000 10000;-100000 10000;8.98305509728916E-09;0.001;0.001;IsHighPrecision" # 0 0 0</Process><Process ToolSource="c:\program files (x86)\arcgis\desktop10.1\ArcToolbox\Toolboxes\Data Management Tools.tbx\CalculateField" Date="20130823" Time="102623">CalculateField Tawi_CropZone12 CLASS "7.1" VB #</Process><Process ToolSource="c:\program files (x86)\arcgis\desktop10.1\ArcToolbox\Toolboxes\Data Management Tools.tbx\CalculateField" Date="20130823" Time="102739">CalculateField Tawi_CropZone12 CLASS "1.5.2" VB #</Process><Process Name="Calculate 'MAPDATE' Field as String" ToolSource="c:\program files (x86)\arcgis\desktop10.1\ArcToolbox\Toolboxes\Data Management Tools.tbx\CalculateField" Date="20130823" Time="102855">CalculateField \\Gza-wsus\bswmgis\Tawi\Shapefile\Tawi_CropZone12.shp MAPDATE 1987 VB #</Process><Process Name="Calculate Province Name Field" ToolSource="c:\program files (x86)\arcgis\desktop10.1\ArcToolbox\Toolboxes\Data Management Tools.tbx\CalculateField" Date="20130823" Time="102855">CalculateField \\Gza-wsus\bswmgis\Tawi\Shapefile\Tawi_CropZone12.shp PROVINCE "Tawi-Tawi" VB #</Process><Process Name="Calculate Map Scale Field" ToolSource="c:\program files (x86)\arcgis\desktop10.1\ArcToolbox\Toolboxes\Data Management Tools.tbx\CalculateField" Date="20130823" Time="102855">CalculateField \\Gza-wsus\bswmgis\Tawi\Shapefile\Tawi_CropZone12.shp MAPSCALE 50000 VB #</Process><Process Name="Calculate MAPTYPE Field" ToolSource="c:\program files (x86)\arcgis\desktop10.1\ArcToolbox\Toolboxes\Data Management Tools.tbx\CalculateField" Date="20130823" Time="102855">CalculateField \\Gza-wsus\bswmgis\Tawi\Shapefile\Tawi_CropZone12.shp MAPTYPE 'CROP ZONE' PYTHON #</Process><Process Name="Calculate SOURCE Field" ToolSource="c:\program files (x86)\arcgis\desktop10.1\ArcToolbox\Toolboxes\Data Management Tools.tbx\CalculateField" Date="20130823" Time="102856">CalculateField \\Gza-wsus\bswmgis\Tawi\Shapefile\Tawi_CropZone12.shp SOURCE 'Tawi_CropZone12' PYTHON #</Process></lineage><itemProps><itemLocation><linkage Sync="TRUE">file://\\gza-wsus\bswmgis\August_23_BSWM_Delivery\Tawi_CropZone12</linkage><protocol Sync="TRUE">Local Area Network</protocol></itemLocation></itemProps><copyHistory><copy source="\\gza-wsus\bswmgis\Tawi\Shapefile\Tawi_CropZone12" dest="\\gza-wsus\bswmgis\August_23_BSWM_Delivery\Tawi_CropZone12" date="20130827" time="08030900"></copy></copyHistory></DataProperties><ArcGISstyle>FGDC CSDGM Metadata</ArcGISstyle></Esri></metadata>
