<?xml version="1.0" encoding="UTF-8"?>
<metadata xml:lang="en"><Esri><CreaDate>20130825</CreaDate><CreaTime>18242000</CreaTime><ArcGISFormat>1.0</ArcGISFormat><SyncOnce>TRUE</SyncOnce><DataProperties><lineage><Process ToolSource="c:\program files\arcgis\desktop10.1\ArcToolbox\Toolboxes\Data Management Tools.tbx\CalculateField" Date="20130814" Time="195021">CalculateField Masbate_LMU13 CLASS [Crop] VB #</Process><Process Name="Calculate 'MAPDATE' Field as String" ToolSource="C:\Program Files\ArcGIS\Desktop10.0\ArcToolbox\Toolboxes\Data Management Tools.tbx\CalculateField" Date="20130814" Time="203142">CalculateField \\gza-wsus\bswmgis\Masbate\Deliver\Masbate_LMU13.shp MAPDATE "1988" VB #</Process><Process Name="Calculate Province Name Field" ToolSource="C:\Program Files\ArcGIS\Desktop10.0\ArcToolbox\Toolboxes\Data Management Tools.tbx\CalculateField" Date="20130814" Time="203142">CalculateField \\gza-wsus\bswmgis\Masbate\Deliver\Masbate_LMU13.shp PROVINCE "MASBATE" VB #</Process><Process Name="Calculate Map Scale Field" ToolSource="C:\Program Files\ArcGIS\Desktop10.0\ArcToolbox\Toolboxes\Data Management Tools.tbx\CalculateField" Date="20130814" Time="203143">CalculateField \\gza-wsus\bswmgis\Masbate\Deliver\Masbate_LMU13.shp MAPSCALE 50000 VB #</Process><Process Name="Calculate MAPTYPE Field" ToolSource="C:\Program Files\ArcGIS\Desktop10.0\ArcToolbox\Toolboxes\Data Management Tools.tbx\CalculateField" Date="20130814" Time="203143">CalculateField \\gza-wsus\bswmgis\Masbate\Deliver\Masbate_LMU13.shp MAPTYPE 'LAND MANAGEMENT UNIT' PYTHON #</Process><Process Name="Calculate SOURCE Field" ToolSource="C:\Program Files\ArcGIS\Desktop10.0\ArcToolbox\Toolboxes\Data Management Tools.tbx\CalculateField" Date="20130814" Time="203143">CalculateField \\gza-wsus\bswmgis\Masbate\Deliver\Masbate_LMU13.shp SOURCE 'Masbate_LMU13' PYTHON #</Process><Process ToolSource="C:\Program Files\ArcGIS\Desktop10.0\ArcToolbox\Toolboxes\Data Management Tools.tbx\CalculateField" Date="20130814" Time="203538">CalculateField Masbate_LMU13 CATEGORY "AGRICULTURAL AREAS" VB #</Process><Process ToolSource="C:\Program Files\ArcGIS\Desktop10.0\ArcToolbox\Toolboxes\Data Management Tools.tbx\CalculateField" Date="20130814" Time="203609">CalculateField Masbate_LMU13 CATEGORY "NOT ON LEGEND" VB #</Process><Process ToolSource="C:\Program Files\ArcGIS\Desktop10.0\ArcToolbox\Toolboxes\Data Management Tools.tbx\CalculateField" Date="20130825" Time="182400">CalculateField Masbate_LMU13 DESCRIP [CATEGORY] VB #</Process></lineage></DataProperties><ArcGISstyle>FGDC CSDGM Metadata</ArcGISstyle></Esri></metadata>
