<?xml version="1.0" encoding="UTF-8"?>
<metadata xml:lang="en"><Esri><CreaDate>20130926</CreaDate><CreaTime>10440300</CreaTime><SyncOnce>TRUE</SyncOnce><DataProperties><lineage><Process ToolSource="c:\program files\arcgis\desktop10.1\ArcToolbox\Toolboxes\Data Management Tools.tbx\CalculateField" Date="20130802" Time="191009">CalculateField Albay_LMU2 CLASS [LMU] VB #</Process><Process ToolSource="c:\program files\arcgis\desktop10.1\ArcToolbox\Toolboxes\Data Management Tools.tbx\CalculateField" Date="20130802" Time="191022">CalculateField Albay_LMU2 MAPDATE "UNKNOWN" VB #</Process><Process ToolSource="c:\program files\arcgis\desktop10.1\ArcToolbox\Toolboxes\Data Management Tools.tbx\CalculateField" Date="20130802" Time="191032">CalculateField Albay_LMU2 MAPSCALE 50000 VB #</Process><Process ToolSource="c:\program files\arcgis\desktop10.1\ArcToolbox\Toolboxes\Data Management Tools.tbx\CalculateField" Date="20130802" Time="191042">CalculateField Albay_LMU2 PROVINCE "ALBAY" VB #</Process><Process ToolSource="c:\program files\arcgis\desktop10.1\ArcToolbox\Toolboxes\Data Management Tools.tbx\CalculateField" Date="20130802" Time="191049">CalculateField Albay_LMU2 CATEGORY "LMU" VB #</Process><Process ToolSource="c:\program files\arcgis\desktop10.1\ArcToolbox\Toolboxes\Data Management Tools.tbx\CalculateField" Date="20130802" Time="191103">CalculateField Albay_LMU2 SOURCE "Albay_LMU2" VB #</Process><Process ToolSource="c:\program files\arcgis\desktop10.1\ArcToolbox\Toolboxes\Data Management Tools.tbx\CalculateField" Date="20130802" Time="191112">CalculateField Albay_LMU2 MAPTYPE "LMU" VB #</Process><Process Name="Calculate 'MAPDATE' Field as String" ToolSource="C:\Program Files\ArcGIS\Desktop10.0\ArcToolbox\Toolboxes\Data Management Tools.tbx\CalculateField" Date="20130816" Time="100349">CalculateField \\gza-wsus\bswmgis\Temp\Albay_LMU2.shp MAPDATE "UNKNOWN" VB #</Process><Process Name="Calculate Province Name Field" ToolSource="C:\Program Files\ArcGIS\Desktop10.0\ArcToolbox\Toolboxes\Data Management Tools.tbx\CalculateField" Date="20130816" Time="100349">CalculateField \\gza-wsus\bswmgis\Temp\Albay_LMU2.shp PROVINCE "ALBAY" VB #</Process><Process Name="Calculate Map Scale Field" ToolSource="C:\Program Files\ArcGIS\Desktop10.0\ArcToolbox\Toolboxes\Data Management Tools.tbx\CalculateField" Date="20130816" Time="100350">CalculateField \\gza-wsus\bswmgis\Temp\Albay_LMU2.shp MAPSCALE 50000 VB #</Process><Process Name="Calculate MAPTYPE Field" ToolSource="C:\Program Files\ArcGIS\Desktop10.0\ArcToolbox\Toolboxes\Data Management Tools.tbx\CalculateField" Date="20130816" Time="100350">CalculateField \\gza-wsus\bswmgis\Temp\Albay_LMU2.shp MAPTYPE 'LAND MANAGEMENT UNIT' PYTHON #</Process><Process Name="Calculate SOURCE Field" ToolSource="C:\Program Files\ArcGIS\Desktop10.0\ArcToolbox\Toolboxes\Data Management Tools.tbx\CalculateField" Date="20130816" Time="100350">CalculateField \\gza-wsus\bswmgis\Temp\Albay_LMU2.shp SOURCE 'Albay_LMU2' PYTHON #</Process><Process ToolSource="C:\Program Files\ArcGIS\Desktop10.0\ArcToolbox\Toolboxes\Data Management Tools.tbx\CalculateField" Date="20130816" Time="100610">CalculateField Albay_LMU2 MAPDATE 1987 VB #</Process><Process ToolSource="C:\Program Files\ArcGIS\Desktop10.0\ArcToolbox\Toolboxes\Data Management Tools.tbx\CalculateField" Date="20130816" Time="100637">CalculateField Albay_LMU2 CATEGORY "NOT ON LEGEND" VB #</Process></lineage><itemProps><itemLocation><linkage Sync="TRUE">file://\\gza-wsus\bswmgis\August_2_BSWM_Delivery-Resend\Albay_LMU2</linkage><protocol Sync="TRUE">Local Area Network</protocol></itemLocation></itemProps><copyHistory><copy source="\\gza-wsus\bswmgis\August_2_BSWM_Delivery\Albay_LMU2" dest="\\gza-wsus\bswmgis\August_2_BSWM_Delivery-Resend\Albay_LMU2" date="20130926" time="10440300"></copy></copyHistory></DataProperties><ArcGISstyle>FGDC CSDGM Metadata</ArcGISstyle></Esri></metadata>
