<?xml version="1.0" encoding="UTF-8"?>
<metadata xml:lang="en"><Esri><CreaDate>20130825</CreaDate><CreaTime>18143200</CreaTime><ArcGISFormat>1.0</ArcGISFormat><SyncOnce>TRUE</SyncOnce><DataProperties><lineage><Process ToolSource="c:\program files\arcgis\desktop10.1\ArcToolbox\Toolboxes\Data Management Tools.tbx\CalculateField" Date="20130814" Time="194247">CalculateField Masbate_CropZone8 CLASS [Crop] VB #</Process><Process Name="Calculate 'MAPDATE' Field as String" ToolSource="C:\Program Files\ArcGIS\Desktop10.0\ArcToolbox\Toolboxes\Data Management Tools.tbx\CalculateField" Date="20130814" Time="202737">CalculateField \\gza-wsus\bswmgis\Masbate\Deliver\Masbate_CropZone8.shp MAPDATE "1988" VB #</Process><Process Name="Calculate Province Name Field" ToolSource="C:\Program Files\ArcGIS\Desktop10.0\ArcToolbox\Toolboxes\Data Management Tools.tbx\CalculateField" Date="20130814" Time="202737">CalculateField \\gza-wsus\bswmgis\Masbate\Deliver\Masbate_CropZone8.shp PROVINCE "MASBATE" VB #</Process><Process Name="Calculate Map Scale Field" ToolSource="C:\Program Files\ArcGIS\Desktop10.0\ArcToolbox\Toolboxes\Data Management Tools.tbx\CalculateField" Date="20130814" Time="202737">CalculateField \\gza-wsus\bswmgis\Masbate\Deliver\Masbate_CropZone8.shp MAPSCALE 50000 VB #</Process><Process Name="Calculate MAPTYPE Field" ToolSource="C:\Program Files\ArcGIS\Desktop10.0\ArcToolbox\Toolboxes\Data Management Tools.tbx\CalculateField" Date="20130814" Time="202737">CalculateField \\gza-wsus\bswmgis\Masbate\Deliver\Masbate_CropZone8.shp MAPTYPE 'CROP ZONE' PYTHON #</Process><Process Name="Calculate SOURCE Field" ToolSource="C:\Program Files\ArcGIS\Desktop10.0\ArcToolbox\Toolboxes\Data Management Tools.tbx\CalculateField" Date="20130814" Time="202738">CalculateField \\gza-wsus\bswmgis\Masbate\Deliver\Masbate_CropZone8.shp SOURCE 'Masbate_CropZone8' PYTHON #</Process><Process ToolSource="C:\Program Files\ArcGIS\Desktop10.0\ArcToolbox\Toolboxes\Data Management Tools.tbx\CalculateField" Date="20130814" Time="202814">CalculateField Masbate_CropZone8 CATEGORY "MISCELLANEOUS / BUILT-UP AREAS" VB #</Process><Process ToolSource="C:\Program Files\ArcGIS\Desktop10.0\ArcToolbox\Toolboxes\Data Management Tools.tbx\CalculateField" Date="20130814" Time="202818">CalculateField Masbate_CropZone8 DESCRIP "MISCELLANEOUS / BUILT-UP AREAS" VB #</Process><Process ToolSource="C:\Program Files\ArcGIS\Desktop10.0\ArcToolbox\Toolboxes\Data Management Tools.tbx\CalculateField" Date="20130825" Time="181412">CalculateField Masbate_CropZone8 DESCRIP [CATEGORY] VB #</Process></lineage></DataProperties><ArcGISstyle>FGDC CSDGM Metadata</ArcGISstyle></Esri></metadata>
