<?xml version="1.0" encoding="UTF-8"?>
<metadata xml:lang="en"><Esri><CreaDate>20130920</CreaDate><CreaTime>10041200</CreaTime><ArcGISFormat>1.0</ArcGISFormat><SyncOnce>TRUE</SyncOnce><DataProperties><lineage><Process Name="Create Feature Class" ToolSource="c:\program files (x86)\arcgis\desktop10.1\ArcToolbox\Toolboxes\Data Management Tools.tbx\CreateFeatureclass" Date="20130826" Time="145126">CreateFeatureclass \\Gza-wsus\BSWMGIS\IVA\Shapefile IVA_Soil_Batangas.tif POLYGON \\GZA-WSUS\bswmgis\Reference_Data\Polygon.shp DISABLED DISABLED "GEOGCS['GCS_Luzon_1911',DATUM['D_Luzon_1911',SPHEROID['Clarke_1866',6378206.4,294.9786982]],PRIMEM['Greenwich',0.0],UNIT['Degree',0.0174532925199433],METADATA['Philippines - onshore',116.9,5.0,126.65,19.44,0.0,0.0174532925199433,0.0,3969]];-400 -400 1000000000;-100000 10000;-100000 10000;8.98305509728916E-09;0.001;0.001;IsHighPrecision" # 0 0 0</Process><Process Name="Calculate 'MAPDATE' Field as String" ToolSource="c:\program files (x86)\arcgis\desktop10.1\ArcToolbox\Toolboxes\Data Management Tools.tbx\CalculateField" Date="20130826" Time="170000">CalculateField IVA_Soil_Batangas MAPDATE 1956 VB #</Process><Process Name="Calculate Province Name Field" ToolSource="c:\program files (x86)\arcgis\desktop10.1\ArcToolbox\Toolboxes\Data Management Tools.tbx\CalculateField" Date="20130826" Time="170000">CalculateField IVA_Soil_Batangas PROVINCE "Batangas" VB #</Process><Process Name="Calculate Map Scale Field" ToolSource="c:\program files (x86)\arcgis\desktop10.1\ArcToolbox\Toolboxes\Data Management Tools.tbx\CalculateField" Date="20130826" Time="170001">CalculateField IVA_Soil_Batangas MAPSCALE 200000 VB #</Process><Process Name="Calculate MAPTYPE Field" ToolSource="c:\program files (x86)\arcgis\desktop10.1\ArcToolbox\Toolboxes\Data Management Tools.tbx\CalculateField" Date="20130826" Time="170001">CalculateField IVA_Soil_Batangas MAPTYPE 'SOIL' PYTHON #</Process><Process Name="Calculate SOURCE Field" ToolSource="c:\program files (x86)\arcgis\desktop10.1\ArcToolbox\Toolboxes\Data Management Tools.tbx\CalculateField" Date="20130826" Time="170001">CalculateField IVA_Soil_Batangas SOURCE 'IVA_Soil_Batangas' PYTHON #</Process></lineage><itemProps><itemLocation><linkage Sync="TRUE">file://\\Gza-wsus\bswmgis\August_28_BSWM_Delivery_Resend2\IVA_Soil_Batangas</linkage><protocol Sync="TRUE">Local Area Network</protocol></itemLocation></itemProps><copyHistory><copy source="\\Gza-wsus\bswmgis\August_28_BSWM_Delivery_Resend\IVA_Soil_Batangas" dest="\\Gza-wsus\bswmgis\August_28_BSWM_Delivery_Resend2\IVA_Soil_Batangas" date="20130920" time="10041200"></copy></copyHistory></DataProperties></Esri></metadata>
