<?xml version="1.0" encoding="UTF-8"?>
<metadata xml:lang="en"><Esri><CreaDate>20130920</CreaDate><CreaTime>12290400</CreaTime><SyncOnce>TRUE</SyncOnce><DataProperties><lineage><Process ToolSource="c:\program files\arcgis\desktop10.1\ArcToolbox\Toolboxes\Data Management Tools.tbx\CalculateField" Date="20130902" Time="140038">CalculateField Albay_Crop8 CLASS [Crop] VB #</Process><Process ToolSource="c:\program files\arcgis\desktop10.1\ArcToolbox\Toolboxes\Data Management Tools.tbx\CalculateField" Date="20130902" Time="140104">CalculateField Albay_Crop8 MAPSCALE 50000 VB #</Process><Process ToolSource="c:\program files\arcgis\desktop10.1\ArcToolbox\Toolboxes\Data Management Tools.tbx\CalculateField" Date="20130902" Time="140114">CalculateField Albay_Crop8 MAPTYPE "CROP ZONE" VB #</Process><Process ToolSource="c:\program files\arcgis\desktop10.1\ArcToolbox\Toolboxes\Data Management Tools.tbx\CalculateField" Date="20130902" Time="140133">CalculateField Albay_Crop8 SOURCE "Albay_Crop8" VB #</Process><Process ToolSource="c:\program files\arcgis\desktop10.1\ArcToolbox\Toolboxes\Data Management Tools.tbx\CalculateField" Date="20130902" Time="140217">CalculateField Albay_Crop8 MAPDATE 1987 VB #</Process><Process ToolSource="c:\program files\arcgis\desktop10.1\ArcToolbox\Toolboxes\Data Management Tools.tbx\CalculateField" Date="20130902" Time="140226">CalculateField Albay_Crop8 PROVINCE "Albay" VB #</Process></lineage><itemProps><itemLocation><linkage Sync="TRUE">file://\\gza-wsus\bswmgis\August_28_BSWM_Delivery\Albay_Crop8Copy</linkage><protocol Sync="TRUE">Local Area Network</protocol></itemLocation></itemProps><copyHistory><copy source="\\gza-wsus\bswmgis\Albay\Shapefile\Albay_Crop8" dest="\\gza-wsus\bswmgis\August_28_BSWM_Delivery\Albay_Crop8Copy" date="20130920" time="12290400"></copy></copyHistory></DataProperties><ArcGISstyle>FGDC CSDGM Metadata</ArcGISstyle></Esri></metadata>
