<metadata xml:lang="en"><Esri><CreaDate>20130809</CreaDate><CreaTime>08130800</CreaTime><ArcGISFormat>1.0</ArcGISFormat><SyncOnce>FALSE</SyncOnce><DataProperties><lineage><Process Name="Add Field" ToolSource="c:\program files\arcgis\desktop10.1\ArcToolbox\Toolboxes\Data Management Tools.tbx\AddField" Date="20130520" Time="114930">AddField M:\Philippines\Cebu.gdb\Cebu_GeoM DESCRIP TEXT # # 254 # NULLABLE NON_REQUIRED #</Process><Process Name="Add Field (2)" ToolSource="c:\program files\arcgis\desktop10.1\ArcToolbox\Toolboxes\Data Management Tools.tbx\AddField" Date="20130520" Time="114933">AddField M:\Philippines\Cebu.gdb\Cebu_GeoM MAPDATE TEXT # # 10 # NULLABLE NON_REQUIRED #</Process><Process Name="Add Field (3)" ToolSource="c:\program files\arcgis\desktop10.1\ArcToolbox\Toolboxes\Data Management Tools.tbx\AddField" Date="20130520" Time="114935">AddField M:\Philippines\Cebu.gdb\Cebu_GeoM MAPSCALE LONG # # 10 # NULLABLE NON_REQUIRED #</Process><Process Name="Add Field (4)" ToolSource="c:\program files\arcgis\desktop10.1\ArcToolbox\Toolboxes\Data Management Tools.tbx\AddField" Date="20130520" Time="114938">AddField M:\Philippines\Cebu.gdb\Cebu_GeoM PROVINCE TEXT # # 50 # NULLABLE NON_REQUIRED #</Process><Process Name="Add Field (5)" ToolSource="c:\program files\arcgis\desktop10.1\ArcToolbox\Toolboxes\Data Management Tools.tbx\AddField" Date="20130520" Time="114941">AddField M:\Philippines\Cebu.gdb\Cebu_GeoM CATEGORY TEXT # # 254 # NULLABLE NON_REQUIRED #</Process><Process Name="Add Field (6)" ToolSource="c:\program files\arcgis\desktop10.1\ArcToolbox\Toolboxes\Data Management Tools.tbx\AddField" Date="20130520" Time="114943">AddField M:\Philippines\Cebu.gdb\Cebu_GeoM SOURCE TEXT # # 255 # NULLABLE NON_REQUIRED #</Process><Process Name="Add Field (7)" ToolSource="c:\program files\arcgis\desktop10.1\ArcToolbox\Toolboxes\Data Management Tools.tbx\AddField" Date="20130520" Time="114946">AddField M:\Philippines\Cebu.gdb\Cebu_GeoM MAPTYPE TEXT # # 50 # NULLABLE NON_REQUIRED #</Process><Process Name="Add Field (8)" ToolSource="c:\program files\arcgis\desktop10.1\ArcToolbox\Toolboxes\Data Management Tools.tbx\AddField" Date="20130520" Time="114949">AddField M:\Philippines\Cebu.gdb\Cebu_GeoM CLASS TEXT # # 15 # NULLABLE NON_REQUIRED #</Process><Process ToolSource="c:\program files\arcgis\desktop10.1\ArcToolbox\Toolboxes\Data Management Tools.tbx\CalculateField" Date="20130520" Time="141459">CalculateField Cebu_GeoM SOURCE "Cebu_GeoM10" VB #</Process><Process ToolSource="c:\program files\arcgis\desktop10.1\ArcToolbox\Toolboxes\Data Management Tools.tbx\CalculateField" Date="20130520" Time="142024">CalculateField Cebu_GeoM MAPTYPE "GEOMORPHIC" VB #</Process><Process ToolSource="c:\program files\arcgis\desktop10.1\ArcToolbox\Toolboxes\Data Management Tools.tbx\CalculateField" Date="20130520" Time="142116">CalculateField Cebu_GeoM PROVINCE "GEOMORPHIC MAP" VB #</Process><Process ToolSource="c:\program files\arcgis\desktop10.1\ArcToolbox\Toolboxes\Data Management Tools.tbx\CalculateField" Date="20130520" Time="142132">CalculateField Cebu_GeoM MAPSCALE 50000 VB #</Process><Process ToolSource="c:\program files\arcgis\desktop10.1\ArcToolbox\Toolboxes\Data Management Tools.tbx\CalculateField" Date="20130520" Time="142151">CalculateField Cebu_GeoM MAPDATE "11/1/1984" VB #</Process><Process ToolSource="c:\program files\arcgis\desktop10.1\ArcToolbox\Toolboxes\Data Management Tools.tbx\CalculateField" Date="20130520" Time="142602">CalculateField Cebu_GeoM CATEGORY "NOT LISTED ON MAP LEGEND" VB #</Process><Process ToolSource="c:\program files\arcgis\desktop10.1\ArcToolbox\Toolboxes\Data Management Tools.tbx\CalculateField" Date="20130520" Time="142608">CalculateField Cebu_GeoM DESCRIP "NOT LISTED ON MAP LEGEND" VB #</Process><Process ToolSource="c:\program files\arcgis\desktop10.1\ArcToolbox\Toolboxes\Data Management Tools.tbx\CalculateField" Date="20130520" Time="142652">CalculateField Cebu_GeoM CATEGORY "MANGROVE AND/OR NIPA" VB #</Process><Process ToolSource="c:\program files\arcgis\desktop10.1\ArcToolbox\Toolboxes\Data Management Tools.tbx\CalculateField" Date="20130520" Time="142659">CalculateField Cebu_GeoM DESCRIP "NOT LISTED ON MAP LEGEND" VB #</Process><Process ToolSource="c:\program files\arcgis\desktop10.1\ArcToolbox\Toolboxes\Data Management Tools.tbx\CalculateField" Date="20130520" Time="142814">CalculateField Cebu_GeoM CATEGORY "ACTIVE TIDAL FLAT WITH MANGROVE AND" VB #</Process><Process ToolSource="c:\program files\arcgis\desktop10.1\ArcToolbox\Toolboxes\Data Management Tools.tbx\CalculateField" Date="20130520" Time="142825">CalculateField Cebu_GeoM DESCRIP "MANGROVE AND/OR NIPA" VB #</Process><Process ToolSource="c:\program files\arcgis\desktop10.1\ArcToolbox\Toolboxes\Data Management Tools.tbx\CalculateField" Date="20130520" Time="142851">CalculateField Cebu_GeoM CATEGORY "RESIDUAL SLOPES" VB #</Process><Process ToolSource="c:\program files\arcgis\desktop10.1\ArcToolbox\Toolboxes\Data Management Tools.tbx\CalculateField" Date="20130520" Time="142905">CalculateField Cebu_GeoM DESCRIP "NEARLY LEVEL TO GENTLY SLOPING LIMESTONE AREA" VB #</Process><Process ToolSource="c:\program files\arcgis\desktop10.1\ArcToolbox\Toolboxes\Data Management Tools.tbx\CalculateField" Date="20130520" Time="142954">CalculateField Cebu_GeoM PROVINCE "CEBU" VB #</Process><Process ToolSource="c:\program files\arcgis\desktop10.1\ArcToolbox\Toolboxes\Data Management Tools.tbx\CalculateField" Date="20130520" Time="143048">CalculateField Cebu_GeoM DESCRIP "COASTAL LIMESTONE TERRACE" VB #</Process><Process ToolSource="c:\program files\arcgis\desktop10.1\ArcToolbox\Toolboxes\Data Management Tools.tbx\CalculateField" Date="20130520" Time="143119">CalculateField Cebu_GeoM CATEGORY "KARST PLAIN" VB #</Process><Process ToolSource="c:\program files\arcgis\desktop10.1\ArcToolbox\Toolboxes\Data Management Tools.tbx\CalculateField" Date="20130520" Time="143128">CalculateField Cebu_GeoM DESCRIP "KARST PLAIN" VB #</Process><Process ToolSource="c:\program files\arcgis\desktop10.1\ArcToolbox\Toolboxes\Data Management Tools.tbx\CalculateField" Date="20130520" Time="143204">CalculateField Cebu_GeoM CATEGORY "PLATEAU" VB #</Process><Process ToolSource="c:\program files\arcgis\desktop10.1\ArcToolbox\Toolboxes\Data Management Tools.tbx\CalculateField" Date="20130520" Time="143223">CalculateField Cebu_GeoM DESCRIP "SEDIMENTARY PLATEAU" VB #</Process><Process ToolSource="c:\program files\arcgis\desktop10.1\ArcToolbox\Toolboxes\Data Management Tools.tbx\CalculateField" Date="20130520" Time="143300">CalculateField Cebu_GeoM CATEGORY "SEDIMENTARY HILLS" VB #</Process><Process ToolSource="c:\program files\arcgis\desktop10.1\ArcToolbox\Toolboxes\Data Management Tools.tbx\CalculateField" Date="20130520" Time="143323">CalculateField Cebu_GeoM DESCRIP "SLIGHTLY DISSECTED LIMESTONE HILLS, LOW RELIEF" VB #</Process><Process ToolSource="c:\program files\arcgis\desktop10.1\ArcToolbox\Toolboxes\Data Management Tools.tbx\CalculateField" Date="20130520" Time="143856">CalculateField Cebu_GeoM DESCRIP "MODERATELY DISSECTED LIMESTONE HILLS WITH STEEP ESCARPMENTS FRINGING ALONG DRAINAGE CHANNELS, HIGH RELIEF" VB #</Process><Process ToolSource="c:\program files\arcgis\desktop10.1\ArcToolbox\Toolboxes\Data Management Tools.tbx\CalculateField" Date="20130520" Time="143943">CalculateField Cebu_GeoM DESCRIP "SLIGHTLY DISSECTED TERRAIN ON LIMY SHALE/SANDSTONE, LOW RELIEF" VB #</Process><Process ToolSource="c:\program files\arcgis\desktop10.1\ArcToolbox\Toolboxes\Data Management Tools.tbx\CalculateField" Date="20130520" Time="144030">CalculateField Cebu_GeoM DESCRIP "MODERATELY DISSECTED TERRAIN ON LIMY SHALE/SANDSTONE, HIGH RELIEF" VB #</Process><Process ToolSource="c:\program files\arcgis\desktop10.1\ArcToolbox\Toolboxes\Data Management Tools.tbx\CalculateField" Date="20130520" Time="144105">CalculateField Cebu_GeoM DESCRIP "MINOR KARST WITH PREDOMINANT SINKHOLES AND NARROW INFILLED VALLEYS" VB #</Process><Process ToolSource="c:\program files\arcgis\desktop10.1\ArcToolbox\Toolboxes\Data Management Tools.tbx\CalculateField" Date="20130520" Time="144135">CalculateField Cebu_GeoM DESCRIP "MAJOR KARST" VB #</Process><Process ToolSource="c:\program files\arcgis\desktop10.1\ArcToolbox\Toolboxes\Data Management Tools.tbx\CalculateField" Date="20130520" Time="144205">CalculateField Cebu_GeoM CATEGORY "BROAD ALLUVIAL PLAINS" VB #</Process><Process ToolSource="c:\program files\arcgis\desktop10.1\ArcToolbox\Toolboxes\Data Management Tools.tbx\CalculateField" Date="20130520" Time="144221">CalculateField Cebu_GeoM DESCRIP "UPPER RIVER TERRACE" VB #</Process><Process ToolSource="c:\program files\arcgis\desktop10.1\ArcToolbox\Toolboxes\Data Management Tools.tbx\CalculateField" Date="20130520" Time="144402">CalculateField Cebu_GeoM DESCRIP "LOWER RIVER TERRACE" VB #</Process><Process ToolSource="c:\program files\arcgis\desktop10.1\ArcToolbox\Toolboxes\Data Management Tools.tbx\CalculateField" Date="20130520" Time="144453">CalculateField Cebu_GeoM CATEGORY "MOUNTAINS" VB #</Process><Process ToolSource="c:\program files\arcgis\desktop10.1\ArcToolbox\Toolboxes\Data Management Tools.tbx\CalculateField" Date="20130520" Time="144517">CalculateField Cebu_GeoM DESCRIP "HIGHLY DISSECTED STEEP TO VERY STEEP LIMESTONE MOUNTAIN" VB #</Process><Process ToolSource="c:\program files\arcgis\desktop10.1\ArcToolbox\Toolboxes\Data Management Tools.tbx\CalculateField" Date="20130520" Time="144559">CalculateField Cebu_GeoM DESCRIP "HIGHLY DISSECTED STEEP TO VERY STEEP AND SHARP PEAKED/RIDGED META-VOLCANIC MOUNTAIN" VB #</Process><Process ToolSource="c:\program files\arcgis\desktop10.1\ArcToolbox\Toolboxes\Data Management Tools.tbx\CalculateField" Date="20130520" Time="144750">CalculateField Cebu_GeoM PROVINCE "CEBU" VB #</Process><Process ToolSource="c:\program files (x86)\arcgis\desktop10.1\ArcToolbox\Toolboxes\Data Management Tools.tbx\CalculateField" Date="20130722" Time="143057">CalculateField Cebu_GeoM_ply SOURCE "Cebu_GeoM1" VB #</Process><Process ToolSource="c:\program files (x86)\arcgis\desktop10.1\ArcToolbox\Toolboxes\Data Management Tools.tbx\CalculateField" Date="20130722" Time="143319">CalculateField Cebu_GeoM_ply SOURCE "Cebu_GeoM2" VB #</Process><Process ToolSource="c:\program files (x86)\arcgis\desktop10.1\ArcToolbox\Toolboxes\Data Management Tools.tbx\CalculateField" Date="20130722" Time="143541">CalculateField Cebu_GeoM_ply SOURCE "Cebu_GeoM3" VB #</Process><Process ToolSource="c:\program files (x86)\arcgis\desktop10.1\ArcToolbox\Toolboxes\Data Management Tools.tbx\CalculateField" Date="20130722" Time="143954">CalculateField Cebu_GeoM_ply SOURCE "Cebu_GeoM4" VB #</Process><Process ToolSource="c:\program files (x86)\arcgis\desktop10.1\ArcToolbox\Toolboxes\Data Management Tools.tbx\CalculateField" Date="20130722" Time="144215">CalculateField Cebu_GeoM_ply SOURCE "Cebu_GeoM5" VB #</Process><Process ToolSource="c:\program files (x86)\arcgis\desktop10.1\ArcToolbox\Toolboxes\Data Management Tools.tbx\CalculateField" Date="20130722" Time="145027">CalculateField Cebu_GeoM_ply SOURCE "Cebu_GeoM6" VB #</Process><Process ToolSource="c:\program files (x86)\arcgis\desktop10.1\ArcToolbox\Toolboxes\Data Management Tools.tbx\CalculateField" Date="20130722" Time="145350">CalculateField Cebu_GeoM_ply SOURCE "Cebu_GeoM7" VB #</Process><Process ToolSource="c:\program files (x86)\arcgis\desktop10.1\ArcToolbox\Toolboxes\Data Management Tools.tbx\CalculateField" Date="20130722" Time="145515">CalculateField Cebu_GeoM_ply SOURCE "Cebu_GeoM8" VB #</Process><Process ToolSource="c:\program files (x86)\arcgis\desktop10.1\ArcToolbox\Toolboxes\Data Management Tools.tbx\CalculateField" Date="20130722" Time="145728">CalculateField Cebu_GeoM_ply SOURCE "Cebu_GeoM9" VB #</Process><Process ToolSource="c:\program files (x86)\arcgis\desktop10.1\ArcToolbox\Toolboxes\Data Management Tools.tbx\CalculateField" Date="20130722" Time="150024">CalculateField Cebu_GeoM_ply SOURCE "Cebu_GeoM11" VB #</Process><Process ToolSource="c:\program files (x86)\arcgis\desktop10.1\ArcToolbox\Toolboxes\Data Management Tools.tbx\CalculateField" Date="20130722" Time="154428">CalculateField Cebu_GeoM_ply SOURCE "Cebu_GeoM12" VB #</Process><Process ToolSource="c:\program files (x86)\arcgis\desktop10.1\ArcToolbox\Toolboxes\Data Management Tools.tbx\CalculateField" Date="20130722" Time="154641">CalculateField Cebu_GeoM_ply SOURCE "Cebu_GeoM13" VB #</Process><Process ToolSource="c:\program files (x86)\arcgis\desktop10.1\ArcToolbox\Toolboxes\Data Management Tools.tbx\CalculateField" Date="20130722" Time="154925">CalculateField Cebu_GeoM_ply SOURCE "Cebu_GeoM14" VB #</Process><Process ToolSource="c:\program files (x86)\arcgis\desktop10.1\ArcToolbox\Toolboxes\Data Management Tools.tbx\CalculateField" Date="20130722" Time="155320">CalculateField Cebu_GeoM_ply SOURCE "Cebu_GeoM15" VB #</Process><Process ToolSource="c:\program files (x86)\arcgis\desktop10.1\ArcToolbox\Toolboxes\Data Management Tools.tbx\CalculateField" Date="20130722" Time="155520">CalculateField Cebu_GeoM_ply SOURCE "Cebu_GeoM16" VB #</Process><Process ToolSource="c:\program files (x86)\arcgis\desktop10.1\ArcToolbox\Toolboxes\Data Management Tools.tbx\CalculateField" Date="20130722" Time="155803">CalculateField Cebu_GeoM_ply SOURCE "Cebu_GeoM17" VB #</Process><Process ToolSource="c:\program files (x86)\arcgis\desktop10.1\ArcToolbox\Toolboxes\Data Management Tools.tbx\CalculateField" Date="20130722" Time="160159">CalculateField Cebu_GeoM_ply SOURCE "Cebu_GeoM18" VB #</Process><Process ToolSource="c:\program files (x86)\arcgis\desktop10.1\ArcToolbox\Toolboxes\Data Management Tools.tbx\CalculateField" Date="20130722" Time="160924">CalculateField Cebu_GeoM_ply SOURCE "Cebu_GeoM19" VB #</Process><Process ToolSource="c:\program files (x86)\arcgis\desktop10.1\ArcToolbox\Toolboxes\Data Management Tools.tbx\CalculateField" Date="20130722" Time="161158">CalculateField Cebu_GeoM_ply SOURCE "Cebu_GeoM20" VB #</Process><Process ToolSource="c:\program files (x86)\arcgis\desktop10.1\ArcToolbox\Toolboxes\Data Management Tools.tbx\CalculateField" Date="20130722" Time="162125">CalculateField Cebu_GeoM_ply SOURCE "Cebu_GeoM21" VB #</Process><Process ToolSource="c:\program files (x86)\arcgis\desktop10.1\ArcToolbox\Toolboxes\Data Management Tools.tbx\CalculateField" Date="20130722" Time="162326">CalculateField Cebu_GeoM_ply SOURCE "Cebu_GeoM22" VB #</Process><Process ToolSource="c:\program files (x86)\arcgis\desktop10.1\ArcToolbox\Toolboxes\Data Management Tools.tbx\CalculateField" Date="20130722" Time="162629">CalculateField Cebu_GeoM_ply SOURCE "Cebu_GeoM23" VB #</Process><Process ToolSource="c:\program files (x86)\arcgis\desktop10.1\ArcToolbox\Toolboxes\Data Management Tools.tbx\CalculateField" Date="20130722" Time="162806">CalculateField Cebu_GeoM_ply SOURCE "Cebu_GeoM24" VB #</Process><Process ToolSource="c:\program files\arcgis\desktop10.1\ArcToolbox\Toolboxes\Data Management Tools.tbx\CalculateField" Date="20130801" Time="123213">CalculateField Cebu_GeoM_ply SOURCE "Cebu_GeoM1" VB #</Process><Process ToolSource="c:\program files\arcgis\desktop10.1\ArcToolbox\Toolboxes\Data Management Tools.tbx\CalculateField" Date="20130801" Time="124137">CalculateField Cebu_GeoM_ply SOURCE "Cebu_GeoM2" VB #</Process><Process ToolSource="c:\program files\arcgis\desktop10.1\ArcToolbox\Toolboxes\Data Management Tools.tbx\CalculateField" Date="20130801" Time="131352">CalculateField Cebu_GeoM_ply SOURCE "Cebu_GeoM3" VB #</Process><Process ToolSource="c:\program files\arcgis\desktop10.1\ArcToolbox\Toolboxes\Data Management Tools.tbx\CalculateField" Date="20130801" Time="134807">CalculateField Cebu_GeoM_ply SOURCE "Cebu_GeoM4" VB #</Process><Process ToolSource="c:\program files\arcgis\desktop10.1\ArcToolbox\Toolboxes\Data Management Tools.tbx\CalculateField" Date="20130801" Time="142649">CalculateField Cebu_GeoM_ply SOURCE "Cebu_GeoM5" VB #</Process><Process ToolSource="c:\program files\arcgis\desktop10.1\ArcToolbox\Toolboxes\Data Management Tools.tbx\CalculateField" Date="20130801" Time="144127">CalculateField Cebu_GeoM_ply SOURCE "Cebu_GeoM6" VB #</Process><Process ToolSource="c:\program files\arcgis\desktop10.1\ArcToolbox\Toolboxes\Data Management Tools.tbx\CalculateField" Date="20130801" Time="150049">CalculateField Cebu_GeoM_ply SOURCE "Cebu_GeoM7" VB #</Process><Process ToolSource="c:\program files\arcgis\desktop10.1\ArcToolbox\Toolboxes\Data Management Tools.tbx\CalculateField" Date="20130801" Time="150516">CalculateField Cebu_GeoM_ply SOURCE "Cebu_GeoM8" VB #</Process><Process ToolSource="c:\program files\arcgis\desktop10.1\ArcToolbox\Toolboxes\Data Management Tools.tbx\CalculateField" Date="20130801" Time="151647">CalculateField Cebu_GeoM_ply SOURCE "Cebu_GeoM9" VB #</Process><Process ToolSource="c:\program files\arcgis\desktop10.1\ArcToolbox\Toolboxes\Data Management Tools.tbx\CalculateField" Date="20130801" Time="160254">CalculateField Cebu_GeoM_ply SOURCE "Cebu_GeoM11" VB #</Process><Process ToolSource="c:\program files\arcgis\desktop10.1\ArcToolbox\Toolboxes\Data Management Tools.tbx\CalculateField" Date="20130801" Time="161436">CalculateField Cebu_GeoM_ply SOURCE "Cebu_GeoM12" VB #</Process><Process ToolSource="c:\program files\arcgis\desktop10.1\ArcToolbox\Toolboxes\Data Management Tools.tbx\CalculateField" Date="20130801" Time="162646">CalculateField Cebu_GeoM_ply SOURCE "Cebu_GeoM13" VB #</Process><Process ToolSource="c:\program files\arcgis\desktop10.1\ArcToolbox\Toolboxes\Data Management Tools.tbx\CalculateField" Date="20130801" Time="164248">CalculateField Cebu_GeoM_ply SOURCE "Cebu_GeoM14" VB #</Process><Process ToolSource="c:\program files\arcgis\desktop10.1\ArcToolbox\Toolboxes\Data Management Tools.tbx\CalculateField" Date="20130802" Time="073444">CalculateField Cebu_GeoM_ply SOURCE "Cebu_GeoM15" VB #</Process><Process ToolSource="c:\program files\arcgis\desktop10.1\ArcToolbox\Toolboxes\Data Management Tools.tbx\CalculateField" Date="20130802" Time="075605">CalculateField Cebu_GeoM_ply SOURCE "Cebu_GeoM16" VB #</Process><Process ToolSource="c:\program files\arcgis\desktop10.1\ArcToolbox\Toolboxes\Data Management Tools.tbx\CalculateField" Date="20130802" Time="094348">CalculateField Cebu_GeoM_ply SOURCE "Cebu_GeoM17" VB #</Process><Process ToolSource="c:\program files\arcgis\desktop10.1\ArcToolbox\Toolboxes\Data Management Tools.tbx\CalculateField" Date="20130802" Time="101255">CalculateField Cebu_GeoM_ply SOURCE "Cebu_GeoM18" VB #</Process><Process ToolSource="c:\program files\arcgis\desktop10.1\ArcToolbox\Toolboxes\Data Management Tools.tbx\CalculateField" Date="20130802" Time="105106">CalculateField Cebu_GeoM_ply SOURCE "Cebu_GeoM19" VB #</Process><Process ToolSource="c:\program files\arcgis\desktop10.1\ArcToolbox\Toolboxes\Data Management Tools.tbx\CalculateField" Date="20130802" Time="112629">CalculateField Cebu_GeoM_ply SOURCE "Cebu_GeoM20" VB #</Process><Process ToolSource="c:\program files\arcgis\desktop10.1\ArcToolbox\Toolboxes\Data Management Tools.tbx\CalculateField" Date="20130802" Time="112637">CalculateField Cebu_GeoM_ply SOURCE "Cebu_GeoM20" VB #</Process><Process ToolSource="c:\program files\arcgis\desktop10.1\ArcToolbox\Toolboxes\Data Management Tools.tbx\CalculateField" Date="20130802" Time="123659">CalculateField Cebu_GeoM_ply SOURCE "Cebu_GeoM21" VB #</Process><Process ToolSource="c:\program files\arcgis\desktop10.1\ArcToolbox\Toolboxes\Data Management Tools.tbx\CalculateField" Date="20130802" Time="130850">CalculateField Cebu_GeoM_ply SOURCE "Cebu_GeoM22" VB #</Process><Process ToolSource="c:\program files\arcgis\desktop10.1\ArcToolbox\Toolboxes\Data Management Tools.tbx\CalculateField" Date="20130802" Time="132839">CalculateField Cebu_GeoM_ply SOURCE "Cebu_GeoM23" VB #</Process><Process ToolSource="c:\program files\arcgis\desktop10.1\ArcToolbox\Toolboxes\Data Management Tools.tbx\CalculateField" Date="20130802" Time="133703">CalculateField Cebu_GeoM_ply PROVINCE "CEBU" VB #</Process><Process ToolSource="c:\program files\arcgis\desktop10.1\ArcToolbox\Toolboxes\Data Management Tools.tbx\CalculateField" Date="20130802" Time="133713">CalculateField Cebu_GeoM_ply MAPSCALE "50000" VB #</Process><Process ToolSource="c:\program files\arcgis\desktop10.1\ArcToolbox\Toolboxes\Data Management Tools.tbx\CalculateField" Date="20130802" Time="133723">CalculateField Cebu_GeoM_ply MAPDATE "11/1/1984" VB #</Process><Process ToolSource="c:\program files\arcgis\desktop10.1\ArcToolbox\Toolboxes\Data Management Tools.tbx\CalculateField" Date="20130802" Time="133852">CalculateField Cebu_GeoM_ply CATEGORY "ACTIVE TIDAL FLAT WITH MANGROVE" VB #</Process><Process ToolSource="c:\program files\arcgis\desktop10.1\ArcToolbox\Toolboxes\Data Management Tools.tbx\CalculateField" Date="20130802" Time="133907">CalculateField Cebu_GeoM_ply DESCRIP "FISHPOND" VB #</Process><Process ToolSource="c:\program files\arcgis\desktop10.1\ArcToolbox\Toolboxes\Data Management Tools.tbx\CalculateField" Date="20130802" Time="133936">CalculateField Cebu_GeoM_ply CATEGORY "ACTIVE TIDAL FLAT WITH MANGROVE" VB #</Process><Process ToolSource="c:\program files\arcgis\desktop10.1\ArcToolbox\Toolboxes\Data Management Tools.tbx\CalculateField" Date="20130802" Time="133955">CalculateField Cebu_GeoM_ply DESCRIP "MANGROVE AND/OR NIPA" VB #</Process><Process ToolSource="c:\program files\arcgis\desktop10.1\ArcToolbox\Toolboxes\Data Management Tools.tbx\CalculateField" Date="20130802" Time="134016">CalculateField Cebu_GeoM_ply CATEGORY "BROAD ALLUVIAL PLAINS" VB #</Process><Process ToolSource="c:\program files\arcgis\desktop10.1\ArcToolbox\Toolboxes\Data Management Tools.tbx\CalculateField" Date="20130802" Time="134038">CalculateField Cebu_GeoM_ply DESCRIP "UPPER RIVER TERRACE" VB #</Process><Process ToolSource="c:\program files\arcgis\desktop10.1\ArcToolbox\Toolboxes\Data Management Tools.tbx\CalculateField" Date="20130802" Time="134057">CalculateField Cebu_GeoM_ply DESCRIP "LOWER RIVER TERRACE" VB #</Process><Process ToolSource="c:\program files\arcgis\desktop10.1\ArcToolbox\Toolboxes\Data Management Tools.tbx\CalculateField" Date="20130802" Time="134118">CalculateField Cebu_GeoM_ply DESCRIP "COASTAL ALLUVIAL PLAIN" VB #</Process><Process ToolSource="c:\program files\arcgis\desktop10.1\ArcToolbox\Toolboxes\Data Management Tools.tbx\CalculateField" Date="20130802" Time="134155">CalculateField Cebu_GeoM_ply CATEGORY "RESIDUAL SLOPES" VB #</Process><Process ToolSource="c:\program files\arcgis\desktop10.1\ArcToolbox\Toolboxes\Data Management Tools.tbx\CalculateField" Date="20130802" Time="134215">CalculateField Cebu_GeoM_ply DESCRIP "NEARLY LEVEL TO GENTLY SLOPING LIMESTONE AREA" VB #</Process><Process ToolSource="c:\program files\arcgis\desktop10.1\ArcToolbox\Toolboxes\Data Management Tools.tbx\CalculateField" Date="20130802" Time="134233">CalculateField Cebu_GeoM_ply CATEGORY "RESIDUAL SLOPES" VB #</Process><Process ToolSource="c:\program files\arcgis\desktop10.1\ArcToolbox\Toolboxes\Data Management Tools.tbx\CalculateField" Date="20130802" Time="134247">CalculateField Cebu_GeoM_ply DESCRIP "COASTAL LIMESTONE TERRACE" VB #</Process><Process ToolSource="c:\program files\arcgis\desktop10.1\ArcToolbox\Toolboxes\Data Management Tools.tbx\CalculateField" Date="20130802" Time="134432">CalculateField Cebu_GeoM_ply CATEGORY "KARST PLAIN" VB #</Process><Process ToolSource="c:\program files\arcgis\desktop10.1\ArcToolbox\Toolboxes\Data Management Tools.tbx\CalculateField" Date="20130802" Time="134444">CalculateField Cebu_GeoM_ply DESCRIP "KARST PLAIN" VB #</Process><Process ToolSource="c:\program files\arcgis\desktop10.1\ArcToolbox\Toolboxes\Data Management Tools.tbx\CalculateField" Date="20130802" Time="134541">CalculateField Cebu_GeoM_ply CATEGORY "SEDIMENTARY HILLS" VB #</Process><Process ToolSource="c:\program files\arcgis\desktop10.1\ArcToolbox\Toolboxes\Data Management Tools.tbx\CalculateField" Date="20130802" Time="134606">CalculateField Cebu_GeoM_ply DESCRIP "SLIGHTLY DISSECTED LIMESONE HILLS, LOW RELIEF" VB #</Process><Process ToolSource="c:\program files\arcgis\desktop10.1\ArcToolbox\Toolboxes\Data Management Tools.tbx\CalculateField" Date="20130802" Time="143625">CalculateField Cebu_GeoM_ply CLASS "SLIGHTLY DISSECTED LIMESONE HILLS, LOW RELIEF" VB #</Process><Process ToolSource="c:\program files\arcgis\desktop10.1\ArcToolbox\Toolboxes\Data Management Tools.tbx\CalculateField" Date="20130802" Time="143659">CalculateField Cebu_GeoM_ply CATEGORY "SEDIMENTARY HILLS" VB #</Process><Process ToolSource="c:\program files\arcgis\desktop10.1\ArcToolbox\Toolboxes\Data Management Tools.tbx\CalculateField" Date="20130802" Time="143822">CalculateField Cebu_GeoM_ply DESCRIP "MODERATELY DISSECTED LIMESTONE HILLS WITH STEEP ESCARPMENTS FRINGING ALONG DRAINAGE CHANNELS, HIGH RELIEF" VB #</Process><Process ToolSource="c:\program files\arcgis\desktop10.1\ArcToolbox\Toolboxes\Data Management Tools.tbx\CalculateField" Date="20130802" Time="143906">CalculateField Cebu_GeoM_ply CLASS "SEDIMENTARY HILLS" VB #</Process><Process ToolSource="c:\program files\arcgis\desktop10.1\ArcToolbox\Toolboxes\Data Management Tools.tbx\CalculateField" Date="20130802" Time="143918">CalculateField Cebu_GeoM_ply CATEGORY "SEDIMENTARY HILLS" VB #</Process><Process ToolSource="c:\program files\arcgis\desktop10.1\ArcToolbox\Toolboxes\Data Management Tools.tbx\CalculateField" Date="20130802" Time="143944">CalculateField Cebu_GeoM_ply DESCRIP "SLIGHTLY DISSECTED TERRAIN ON LIMY SHALE/SANDSTONE, LOW RELIEF" VB #</Process><Process ToolSource="c:\program files\arcgis\desktop10.1\ArcToolbox\Toolboxes\Data Management Tools.tbx\CalculateField" Date="20130802" Time="144009">CalculateField Cebu_GeoM_ply CATEGORY "SEDIMENTARY HILLS" VB #</Process><Process ToolSource="c:\program files\arcgis\desktop10.1\ArcToolbox\Toolboxes\Data Management Tools.tbx\CalculateField" Date="20130802" Time="144040">CalculateField Cebu_GeoM_ply DESCRIP "MODERATELY DISSECTED TERRAIN ON LIMY SHALE/SANDSTONE, HIGH RELIEF" VB #</Process><Process ToolSource="c:\program files\arcgis\desktop10.1\ArcToolbox\Toolboxes\Data Management Tools.tbx\CalculateField" Date="20130802" Time="144338">CalculateField Cebu_GeoM_ply CATEGORY "SEDIMENTARY HILLS" VB #</Process><Process ToolSource="c:\program files\arcgis\desktop10.1\ArcToolbox\Toolboxes\Data Management Tools.tbx\CalculateField" Date="20130802" Time="144355">CalculateField Cebu_GeoM_ply DESCRIP "MINOR KARST WITH PREDOMINANT SINKHOLES AND NARROW INFILLED VALLEYS" VB #</Process><Process ToolSource="c:\program files\arcgis\desktop10.1\ArcToolbox\Toolboxes\Data Management Tools.tbx\CalculateField" Date="20130802" Time="144417">CalculateField Cebu_GeoM_ply CATEGORY "SEDIMENTARY HILLS" VB #</Process><Process ToolSource="c:\program files\arcgis\desktop10.1\ArcToolbox\Toolboxes\Data Management Tools.tbx\CalculateField" Date="20130802" Time="144437">CalculateField Cebu_GeoM_ply DESCRIP "HIGH DENUDATIONAL LIMESTONE HILLS" VB #</Process><Process ToolSource="c:\program files\arcgis\desktop10.1\ArcToolbox\Toolboxes\Data Management Tools.tbx\CalculateField" Date="20130802" Time="144501">CalculateField Cebu_GeoM_ply CATEGORY "SEDIMENTARY HILLS" VB #</Process><Process ToolSource="c:\program files\arcgis\desktop10.1\ArcToolbox\Toolboxes\Data Management Tools.tbx\CalculateField" Date="20130802" Time="144513">CalculateField Cebu_GeoM_ply DESCRIP "MAJOR KARST" VB #</Process><Process ToolSource="c:\program files\arcgis\desktop10.1\ArcToolbox\Toolboxes\Data Management Tools.tbx\CalculateField" Date="20130802" Time="144704">CalculateField Cebu_GeoM_ply CATEGORY "UNKNOWN" VB #</Process><Process ToolSource="c:\program files\arcgis\desktop10.1\ArcToolbox\Toolboxes\Data Management Tools.tbx\CalculateField" Date="20130802" Time="144722">CalculateField Cebu_GeoM_ply CATEGORY "UNKNOWN" VB #</Process><Process ToolSource="c:\program files\arcgis\desktop10.1\ArcToolbox\Toolboxes\Data Management Tools.tbx\CalculateField" Date="20130802" Time="144727">CalculateField Cebu_GeoM_ply DESCRIP "UNKNOWN" VB #</Process><Process ToolSource="c:\program files (x86)\arcgis\desktop10.1\ArcToolbox\Toolboxes\Data Management Tools.tbx\CalculateField" Date="20130809" Time="073536">CalculateField Cebu_GeoM_ply MAPTYPE "GEOMORPHIC" VB #</Process><Process ToolSource="c:\program files (x86)\arcgis\desktop10.1\ArcToolbox\Toolboxes\Data Management Tools.tbx\Project" Date="20130809" Time="081311">Project M:\Philippines\Cebu.gdb\Cebu_GeoM_ply M:\Philippines\PROJECTED_DELIVERED_FINAL425.gdb\Cebu_GeoM_ply_Project GEOGCS['GCS_Luzon_1911',DATUM['D_Luzon_1911',SPHEROID['Clarke_1866',6378206.4,294.9786982]],PRIMEM['Greenwich',0.0],UNIT['Degree',0.0174532925199433],METADATA['Philippines - onshore',116.9,5.0,126.65,19.44,0.0,0.0174532925199433,0.0,3969]] Luzon_1911_To_WGS_1984_1 GEOGCS['GCS_WGS_1984',DATUM['D_WGS_1984',SPHEROID['WGS_1984',6378137.0,298.257223563]],PRIMEM['Greenwich',0.0],UNIT['Degree',0.0174532925199433],METADATA['World',-180.0,-90.0,180.0,90.0,0.0,0.0174532925199433,0.0,1262]]</Process><Process Name="Select" ToolSource="c:\program files (x86)\arcgis\desktop10.1\ArcToolbox\Toolboxes\Analysis Tools.tbx\Select" Date="20130809" Time="083435">Select M:\Philippines\PROJECTED_DELIVERED_FINAL425.gdb\Cebu_GeoM_ply_Project M:\Philippines\Tools\TestOutput\Cebu_GeoM15.shp ""SOURCE" ='Cebu_GeoM15'"</Process></lineage><itemProps><itemLocation><linkage Sync="TRUE">file://\\pacific\production\Philippines\Tools\TestOutput\Cebu_GeoM15.shp</linkage><protocol Sync="TRUE">Local Area Network</protocol></itemLocation><itemName Sync="TRUE">Cebu_GeoM15</itemName><imsContentType Sync="TRUE">002</imsContentType><itemSize Sync="TRUE">0.000</itemSize></itemProps><coordRef><type Sync="TRUE">Geographic</type><geogcsn Sync="TRUE">GCS_Luzon_1911</geogcsn><csUnits Sync="TRUE">Angular Unit: Degree (0.017453)</csUnits><peXml Sync="TRUE">&lt;GeographicCoordinateSystem xsi:type='typens:GeographicCoordinateSystem' xmlns:xsi='http://www.w3.org/2001/XMLSchema-instance' xmlns:xs='http://www.w3.org/2001/XMLSchema' xmlns:typens='http://www.esri.com/schemas/ArcGIS/10.1'&gt;&lt;WKT&gt;GEOGCS[&amp;quot;GCS_Luzon_1911&amp;quot;,DATUM[&amp;quot;D_Luzon_1911&amp;quot;,SPHEROID[&amp;quot;Clarke_1866&amp;quot;,6378206.4,294.9786982]],PRIMEM[&amp;quot;Greenwich&amp;quot;,0.0],UNIT[&amp;quot;Degree&amp;quot;,0.0174532925199433],METADATA[&amp;quot;Philippines - onshore&amp;quot;,116.9,5.0,126.65,19.44,0.0,0.0174532925199433,0.0,3969],AUTHORITY[&amp;quot;EPSG&amp;quot;,4253]]&lt;/WKT&gt;&lt;XOrigin&gt;-400&lt;/XOrigin&gt;&lt;YOrigin&gt;-400&lt;/YOrigin&gt;&lt;XYScale&gt;11258999068426.238&lt;/XYScale&gt;&lt;ZOrigin&gt;-100000&lt;/ZOrigin&gt;&lt;ZScale&gt;10000&lt;/ZScale&gt;&lt;MOrigin&gt;-100000&lt;/MOrigin&gt;&lt;MScale&gt;10000&lt;/MScale&gt;&lt;XYTolerance&gt;8.9830550972891565e-009&lt;/XYTolerance&gt;&lt;ZTolerance&gt;0.001&lt;/ZTolerance&gt;&lt;MTolerance&gt;0.001&lt;/MTolerance&gt;&lt;HighPrecision&gt;true&lt;/HighPrecision&gt;&lt;LeftLongitude&gt;-180&lt;/LeftLongitude&gt;&lt;WKID&gt;4253&lt;/WKID&gt;&lt;LatestWKID&gt;4253&lt;/LatestWKID&gt;&lt;/GeographicCoordinateSystem&gt;</peXml></coordRef></DataProperties><ArcGISstyle>ISO 19139 Metadata Implementation Specification</ArcGISstyle><SyncDate>20130809</SyncDate><SyncTime>08343500</SyncTime><ModDate>20130809</ModDate><ModTime>08343500</ModTime></Esri><dataIdInfo><envirDesc Sync="TRUE">Microsoft Windows 7 Version 6.1 (Build 7601) Service Pack 1; Esri ArcGIS 10.1.1.3143</envirDesc><dataLang><languageCode value="eng" Sync="TRUE"></languageCode><countryCode value="USA" Sync="TRUE"></countryCode></dataLang><idCitation><resTitle Sync="TRUE">Cebu_GeoM15</resTitle><presForm><PresFormCd value="005" Sync="TRUE"></PresFormCd></presForm></idCitation><spatRpType><SpatRepTypCd value="001" Sync="TRUE"></SpatRepTypCd></spatRpType></dataIdInfo><mdLang><languageCode value="eng" Sync="TRUE"></languageCode><countryCode value="USA" Sync="TRUE"></countryCode></mdLang><distInfo><distFormat><formatName Sync="TRUE">Shapefile</formatName></distFormat><distTranOps><transSize Sync="TRUE">0.000</transSize></distTranOps></distInfo><mdHrLv><ScopeCd value="005" Sync="TRUE"></ScopeCd></mdHrLv><mdHrLvName Sync="TRUE">dataset</mdHrLvName><refSysInfo><RefSystem><refSysID><identCode code="4253" Sync="TRUE"></identCode><idCodeSpace Sync="TRUE">EPSG</idCodeSpace><idVersion Sync="TRUE">7.11.2</idVersion></refSysID></RefSystem></refSysInfo><spatRepInfo><VectSpatRep><geometObjs Name="Cebu_GeoM15"><geoObjTyp><GeoObjTypCd value="002" Sync="TRUE"></GeoObjTypCd></geoObjTyp><geoObjCnt Sync="TRUE">0</geoObjCnt></geometObjs><topLvl><TopoLevCd value="001" Sync="TRUE"></TopoLevCd></topLvl></VectSpatRep></spatRepInfo><spdoinfo><ptvctinf><esriterm Name="Cebu_GeoM15"><efeatyp Sync="TRUE">Simple</efeatyp><efeageom code="4" Sync="TRUE"></efeageom><esritopo Sync="TRUE">FALSE</esritopo><efeacnt Sync="TRUE">0</efeacnt><spindex Sync="TRUE">FALSE</spindex><linrefer Sync="TRUE">FALSE</linrefer></esriterm></ptvctinf></spdoinfo><eainfo><detailed Name="Cebu_GeoM15"><enttyp><enttypl Sync="TRUE">Cebu_GeoM15</enttypl><enttypt Sync="TRUE">Feature Class</enttypt><enttypc Sync="TRUE">0</enttypc></enttyp><attr><attrlabl Sync="TRUE">FID</attrlabl><attalias Sync="TRUE">FID</attalias><attrtype Sync="TRUE">OID</attrtype><attwidth Sync="TRUE">4</attwidth><atprecis Sync="TRUE">0</atprecis><attscale Sync="TRUE">0</attscale><attrdef Sync="TRUE">Internal feature number.</attrdef><attrdefs Sync="TRUE">Esri</attrdefs><attrdomv><udom Sync="TRUE">Sequential unique whole numbers that are automatically generated.</udom></attrdomv></attr><attr><attrlabl Sync="TRUE">Shape</attrlabl><attalias Sync="TRUE">Shape</attalias><attrtype Sync="TRUE">Geometry</attrtype><attwidth Sync="TRUE">0</attwidth><atprecis Sync="TRUE">0</atprecis><attscale Sync="TRUE">0</attscale><attrdef Sync="TRUE">Feature geometry.</attrdef><attrdefs Sync="TRUE">Esri</attrdefs><attrdomv><udom Sync="TRUE">Coordinates defining the features.</udom></attrdomv></attr><attr><attrlabl Sync="TRUE">DESCRIP</attrlabl><attalias Sync="TRUE">DESCRIP</attalias><attrtype Sync="TRUE">String</attrtype><attwidth Sync="TRUE">254</attwidth><atprecis Sync="TRUE">0</atprecis><attscale Sync="TRUE">0</attscale></attr><attr><attrlabl Sync="TRUE">MAPDATE</attrlabl><attalias Sync="TRUE">MAPDATE</attalias><attrtype Sync="TRUE">String</attrtype><attwidth Sync="TRUE">10</attwidth><atprecis Sync="TRUE">0</atprecis><attscale Sync="TRUE">0</attscale></attr><attr><attrlabl Sync="TRUE">MAPSCALE</attrlabl><attalias Sync="TRUE">MAPSCALE</attalias><attrtype Sync="TRUE">Integer</attrtype><attwidth Sync="TRUE">9</attwidth><atprecis Sync="TRUE">9</atprecis><attscale Sync="TRUE">0</attscale></attr><attr><attrlabl Sync="TRUE">PROVINCE</attrlabl><attalias Sync="TRUE">PROVINCE</attalias><attrtype Sync="TRUE">String</attrtype><attwidth Sync="TRUE">50</attwidth><atprecis Sync="TRUE">0</atprecis><attscale Sync="TRUE">0</attscale></attr><attr><attrlabl Sync="TRUE">CATEGORY</attrlabl><attalias Sync="TRUE">CATEGORY</attalias><attrtype Sync="TRUE">String</attrtype><attwidth Sync="TRUE">254</attwidth><atprecis Sync="TRUE">0</atprecis><attscale Sync="TRUE">0</attscale></attr><attr><attrlabl Sync="TRUE">SOURCE</attrlabl><attalias Sync="TRUE">SOURCE</attalias><attrtype Sync="TRUE">String</attrtype><attwidth Sync="TRUE">254</attwidth><atprecis Sync="TRUE">0</atprecis><attscale Sync="TRUE">0</attscale></attr><attr><attrlabl Sync="TRUE">MAPTYPE</attrlabl><attalias Sync="TRUE">MAPTYPE</attalias><attrtype Sync="TRUE">String</attrtype><attwidth Sync="TRUE">50</attwidth><atprecis Sync="TRUE">0</atprecis><attscale Sync="TRUE">0</attscale></attr><attr><attrlabl Sync="TRUE">CLASS</attrlabl><attalias Sync="TRUE">CLASS</attalias><attrtype Sync="TRUE">String</attrtype><attwidth Sync="TRUE">15</attwidth><atprecis Sync="TRUE">0</atprecis><attscale Sync="TRUE">0</attscale></attr><attr><attrlabl Sync="TRUE">SHAPE_Leng</attrlabl><attalias Sync="TRUE">SHAPE_Leng</attalias><attrtype Sync="TRUE">Double</attrtype><attwidth Sync="TRUE">19</attwidth><atprecis Sync="TRUE">0</atprecis><attscale Sync="TRUE">0</attscale></attr><attr><attrlabl Sync="TRUE">SHAPE_Area</attrlabl><attalias Sync="TRUE">SHAPE_Area</attalias><attrtype Sync="TRUE">Double</attrtype><attwidth Sync="TRUE">19</attwidth><atprecis Sync="TRUE">0</atprecis><attscale Sync="TRUE">0</attscale><attrdef Sync="TRUE">Area of feature in internal units squared.</attrdef><attrdefs Sync="TRUE">Esri</attrdefs><attrdomv><udom Sync="TRUE">Positive real numbers that are automatically generated.</udom></attrdomv></attr></detailed></eainfo><mdDateSt Sync="TRUE">20130809</mdDateSt></metadata>
