<?xml version="1.0" encoding="UTF-8"?>
<metadata xml:lang="en"><Esri><CreaDate>20130804</CreaDate><CreaTime>09373100</CreaTime><ArcGISFormat>1.0</ArcGISFormat><SyncOnce>TRUE</SyncOnce><DataProperties><lineage><Process ToolSource="c:\program files\arcgis\desktop10.1\ArcToolbox\Toolboxes\Data Management Tools.tbx\CalculateField" Date="20130804" Time="093731">CalculateField Abra_LUM2 CLASS [LUM] VB #</Process><Process ToolSource="c:\program files\arcgis\desktop10.1\ArcToolbox\Toolboxes\Data Management Tools.tbx\CalculateField" Date="20130804" Time="093929">CalculateField Abra_LUM2 MAPDATE "UNKNOWN" VB #</Process><Process ToolSource="c:\program files\arcgis\desktop10.1\ArcToolbox\Toolboxes\Data Management Tools.tbx\CalculateField" Date="20130804" Time="093936">CalculateField Abra_LUM2 MAPSCALE 50000 VB #</Process><Process ToolSource="c:\program files\arcgis\desktop10.1\ArcToolbox\Toolboxes\Data Management Tools.tbx\CalculateField" Date="20130804" Time="093942">CalculateField Abra_LUM2 PROVINCE "ABRA" VB #</Process><Process ToolSource="c:\program files\arcgis\desktop10.1\ArcToolbox\Toolboxes\Data Management Tools.tbx\CalculateField" Date="20130804" Time="093950">CalculateField Abra_LUM2 CATEGORY "LMU" VB #</Process><Process ToolSource="c:\program files\arcgis\desktop10.1\ArcToolbox\Toolboxes\Data Management Tools.tbx\CalculateField" Date="20130804" Time="093953">CalculateField Abra_LUM2 MAPTYPE "LMU" VB #</Process><Process ToolSource="c:\program files\arcgis\desktop10.1\ArcToolbox\Toolboxes\Data Management Tools.tbx\CalculateField" Date="20130804" Time="094003">CalculateField Abra_LUM2 SOURCE "Abra_LUM2" VB #</Process><Process Name="Calculate 'MAPDATE' Field as String" ToolSource="C:\Program Files\ArcGIS\Desktop10.0\ArcToolbox\Toolboxes\Data Management Tools.tbx\CalculateField" Date="20130816" Time="100149">CalculateField \\gza-wsus\bswmgis\Temp\Abra_LUM2.shp MAPDATE "UNKNOWN" VB #</Process><Process Name="Calculate Province Name Field" ToolSource="C:\Program Files\ArcGIS\Desktop10.0\ArcToolbox\Toolboxes\Data Management Tools.tbx\CalculateField" Date="20130816" Time="100149">CalculateField \\gza-wsus\bswmgis\Temp\Abra_LUM2.shp PROVINCE "Insert Province Name" VB #</Process><Process Name="Calculate Map Scale Field" ToolSource="C:\Program Files\ArcGIS\Desktop10.0\ArcToolbox\Toolboxes\Data Management Tools.tbx\CalculateField" Date="20130816" Time="100150">CalculateField \\gza-wsus\bswmgis\Temp\Abra_LUM2.shp MAPSCALE 50000 VB #</Process><Process Name="Calculate MAPTYPE Field" ToolSource="C:\Program Files\ArcGIS\Desktop10.0\ArcToolbox\Toolboxes\Data Management Tools.tbx\CalculateField" Date="20130816" Time="100150">CalculateField \\gza-wsus\bswmgis\Temp\Abra_LUM2.shp MAPTYPE 'LAND MANAGEMENT UNIT' PYTHON #</Process><Process Name="Calculate SOURCE Field" ToolSource="C:\Program Files\ArcGIS\Desktop10.0\ArcToolbox\Toolboxes\Data Management Tools.tbx\CalculateField" Date="20130816" Time="100150">CalculateField \\gza-wsus\bswmgis\Temp\Abra_LUM2.shp SOURCE 'Abra_LUM2' PYTHON #</Process><Process ToolSource="C:\Program Files\ArcGIS\Desktop10.0\ArcToolbox\Toolboxes\Data Management Tools.tbx\CalculateField" Date="20130816" Time="100227">CalculateField Abra_LUM2 CLASS "126Ay134" VB #</Process><Process ToolSource="C:\Program Files\ArcGIS\Desktop10.0\ArcToolbox\Toolboxes\Data Management Tools.tbx\CalculateField" Date="20130923" Time="141440">CalculateField Abra_LUM2 MAPTYPE "LAND USE &amp; VEGETATION" VB #</Process><Process ToolSource="C:\Program Files\ArcGIS\Desktop10.0\ArcToolbox\Toolboxes\Data Management Tools.tbx\CalculateField" Date="20130923" Time="142640">CalculateField Abra_LUM2 CLASS "Unknown" VB #</Process><Process ToolSource="C:\Program Files\ArcGIS\Desktop10.0\ArcToolbox\Toolboxes\Data Management Tools.tbx\CalculateField" Date="20130923" Time="142648">CalculateField Abra_LUM2 CATEGORY "Unknown" VB #</Process><Process ToolSource="C:\Program Files\ArcGIS\Desktop10.0\ArcToolbox\Toolboxes\Data Management Tools.tbx\CalculateField" Date="20130923" Time="142651">CalculateField Abra_LUM2 DESCRIP "Unknown" VB #</Process><Process ToolSource="C:\Program Files\ArcGIS\Desktop10.0\ArcToolbox\Toolboxes\Data Management Tools.tbx\CalculateField" Date="20130923" Time="142715">CalculateField Abra_LUM2 CATEGORY "GRASSLAND" VB #</Process><Process ToolSource="C:\Program Files\ArcGIS\Desktop10.0\ArcToolbox\Toolboxes\Data Management Tools.tbx\CalculateField" Date="20130923" Time="142739">CalculateField Abra_LUM2 DESCRIP "GRASSES/SHRUBS" VB #</Process><Process ToolSource="C:\Program Files\ArcGIS\Desktop10.0\ArcToolbox\Toolboxes\Data Management Tools.tbx\CalculateField" Date="20130923" Time="142754">CalculateField Abra_LUM2 CATEGORY "PADDY RICE" VB #</Process><Process ToolSource="C:\Program Files\ArcGIS\Desktop10.0\ArcToolbox\Toolboxes\Data Management Tools.tbx\CalculateField" Date="20130923" Time="142813">CalculateField Abra_LUM2 CATEGORY "AGRICULTURE" VB #</Process><Process ToolSource="C:\Program Files\ArcGIS\Desktop10.0\ArcToolbox\Toolboxes\Data Management Tools.tbx\CalculateField" Date="20130923" Time="142817">CalculateField Abra_LUM2 DESCRIP "AGRICULTURE" VB #</Process><Process ToolSource="c:\program files (x86)\arcgis\desktop10.1\ArcToolbox\Toolboxes\Data Management Tools.tbx\CalculateField" Date="20140201" Time="185703">CalculateField Abra_LUM2 CLASS "126Ay134" VB #</Process><Process ToolSource="c:\program files (x86)\arcgis\desktop10.1\ArcToolbox\Toolboxes\Data Management Tools.tbx\CalculateField" Date="20140201" Time="185722">CalculateField Abra_LUM2 CLASS "134Xz126" VB #</Process><Process ToolSource="c:\program files (x86)\arcgis\desktop10.1\ArcToolbox\Toolboxes\Data Management Tools.tbx\CalculateField" Date="20140201" Time="185753">CalculateField Abra_LUM2 CLASS "1/1Cz158" VB #</Process><Process ToolSource="c:\program files (x86)\arcgis\desktop10.1\ArcToolbox\Toolboxes\Data Management Tools.tbx\CalculateField" Date="20140201" Time="190225">CalculateField Abra_LUM2 DESCRIP "DOMINANT LAND USE: GRASSES (90-100%), ASSOCIATED LAND USE: SHRUBS (5-10%)" VB #</Process><Process ToolSource="c:\program files (x86)\arcgis\desktop10.1\ArcToolbox\Toolboxes\Data Management Tools.tbx\CalculateField" Date="20140201" Time="190307">CalculateField Abra_LUM2 DESCRIP "{DOMINANT LAND USE: SHRUBS (60-70%), ASSOCIATED LAND USE: GRASSES (10-20%)" VB #</Process><Process ToolSource="c:\program files (x86)\arcgis\desktop10.1\ArcToolbox\Toolboxes\Data Management Tools.tbx\CalculateField" Date="20140201" Time="190420">CalculateField Abra_LUM2 DESCRIP "DOMINANT LAND USE:FOREST (90-100%), ASSOCIATED LAND USE: SHRUBS (5-10%)" VB #</Process><Process ToolSource="c:\program files (x86)\arcgis\desktop10.1\ArcToolbox\Toolboxes\Data Management Tools.tbx\CalculateField" Date="20140201" Time="190536">CalculateField Abra_LUM2 DESCRIP "DOMINANT LAND USE:FOREST (70-80%), ASSOCIATED LAND USE: GRASSES (10-20%)" VB #</Process><Process ToolSource="c:\program files (x86)\arcgis\desktop10.1\ArcToolbox\Toolboxes\Data Management Tools.tbx\CalculateField" Date="20140201" Time="190604">CalculateField Abra_LUM2 DESCRIP "DOMINANT LAND USE:FOREST (90-100%)" VB #</Process><Process ToolSource="c:\program files (x86)\arcgis\desktop10.1\ArcToolbox\Toolboxes\Data Management Tools.tbx\CalculateField" Date="20140201" Time="191044">CalculateField Abra_LUM2 MAPTYPE "LAND USE MAP" VB #</Process></lineage></DataProperties></Esri></metadata>
