<?xml version="1.0" encoding="UTF-8"?>
<metadata xml:lang="en"><Esri><CreaDate>20131018</CreaDate><CreaTime>20441900</CreaTime><SyncOnce>TRUE</SyncOnce><DataProperties><lineage><Process ToolSource="c:\program files\arcgis\desktop10.1\ArcToolbox\Toolboxes\Data Management Tools.tbx\CalculateField" Date="20130804" Time="120855">CalculateField Camarines_Nor_LMU10 MAPSCALE 50000 VB #</Process><Process ToolSource="c:\program files\arcgis\desktop10.1\ArcToolbox\Toolboxes\Data Management Tools.tbx\CalculateField" Date="20130804" Time="120910">CalculateField Camarines_Nor_LMU10 PROVINCE "CAMARINE NORTE" VB #</Process><Process ToolSource="c:\program files\arcgis\desktop10.1\ArcToolbox\Toolboxes\Data Management Tools.tbx\CalculateField" Date="20130804" Time="120919">CalculateField Camarines_Nor_LMU10 PROVINCE "CAMARINES NORTE" VB #</Process><Process ToolSource="c:\program files\arcgis\desktop10.1\ArcToolbox\Toolboxes\Data Management Tools.tbx\CalculateField" Date="20130804" Time="121004">CalculateField Camarines_Nor_LMU10 MAPDATE 1985 VB #</Process><Process ToolSource="c:\program files\arcgis\desktop10.1\ArcToolbox\Toolboxes\Data Management Tools.tbx\CalculateField" Date="20130804" Time="121015">CalculateField Camarines_Nor_LMU10 CATEGORY "LMU" VB #</Process><Process ToolSource="c:\program files\arcgis\desktop10.1\ArcToolbox\Toolboxes\Data Management Tools.tbx\CalculateField" Date="20130804" Time="121026">CalculateField Camarines_Nor_LMU10 SOURCE "Camarines_Nor_LMU10" VB #</Process><Process ToolSource="c:\program files\arcgis\desktop10.1\ArcToolbox\Toolboxes\Data Management Tools.tbx\CalculateField" Date="20130804" Time="121033">CalculateField Camarines_Nor_LMU10 MAPTYPE "LMU" VB #</Process><Process ToolSource="c:\program files\arcgis\desktop10.1\ArcToolbox\Toolboxes\Data Management Tools.tbx\CalculateField" Date="20130804" Time="121047">CalculateField Camarines_Nor_LMU10 CLASS [LMU] VB #</Process><Process ToolSource="C:\Program Files\ArcGIS\Desktop10.0\ArcToolbox\Toolboxes\Data Management Tools.tbx\CalculateField" Date="20131018" Time="064422">CalculateField Camarines_Nor_LMU10 MAPTYPE "LAND MANAGEMENT UNIT" VB #</Process></lineage><itemProps><itemLocation><linkage Sync="TRUE">file://\\gza-wsus\bswmgis\August_2_BSWM_Delivery-Resend\Camarines_Nor_LMU10</linkage><protocol Sync="TRUE">Local Area Network</protocol></itemLocation></itemProps><copyHistory><copy source="\\gza-wsus\bswmgis\August_2_BSWM_Delivery\Camarines_Nor_LMU10" dest="\\gza-wsus\bswmgis\August_2_BSWM_Delivery-Resend\Camarines_Nor_LMU10" date="20131018" time="20441900"></copy></copyHistory></DataProperties><ArcGISstyle>FGDC CSDGM Metadata</ArcGISstyle></Esri></metadata>
